pair,date,us_row,hk_row,reason
Alibaba,2019-11-28,False,True,US holiday (XNYS closed)
Alibaba,2019-12-26,True,False,HK holiday (XHKG closed)
Alibaba,2020-01-20,False,True,US holiday (XNYS closed)
Alibaba,2020-01-27,True,False,HK holiday (XHKG closed)
Alibaba,2020-01-28,True,False,HK holiday (XHKG closed)
Alibaba,2020-02-17,False,True,US holiday (XNYS closed)
Alibaba,2020-04-13,True,False,HK holiday (XHKG closed)
Alibaba,2020-04-30,True,False,HK holiday (XHKG closed)
Alibaba,2020-05-01,True,False,HK holiday (XHKG closed)
Alibaba,2020-05-25,False,True,US holiday (XNYS closed)
Alibaba,2020-06-25,True,False,HK holiday (XHKG closed)
Alibaba,2020-07-01,True,False,HK holiday (XHKG closed)
Alibaba,2020-07-03,False,True,US holiday (XNYS closed)
Alibaba,2020-09-07,False,True,US holiday (XNYS closed)
Alibaba,2020-10-01,True,False,HK holiday (XHKG closed)
Alibaba,2020-10-02,True,False,HK holiday (XHKG closed)
Alibaba,2020-10-13,True,False,HK holiday (XHKG closed)
Alibaba,2020-10-26,True,False,HK holiday (XHKG closed)
Alibaba,2020-11-26,False,True,US holiday (XNYS closed)
Alibaba,2021-01-18,False,True,US holiday (XNYS closed)
Alibaba,2021-02-12,True,False,HK holiday (XHKG closed)
Alibaba,2021-04-05,True,False,HK holiday (XHKG closed)
Alibaba,2021-04-06,True,False,HK holiday (XHKG closed)
Alibaba,2021-05-19,True,False,HK holiday (XHKG closed)
Alibaba,2021-05-31,False,True,US holiday (XNYS closed)
Alibaba,2021-06-14,True,False,HK holiday (XHKG closed)
Alibaba,2021-07-01,True,False,HK holiday (XHKG closed)
Alibaba,2021-07-05,False,True,US holiday (XNYS closed)
Alibaba,2021-09-06,False,True,US holiday (XNYS closed)
Alibaba,2021-09-22,True,False,HK holiday (XHKG closed)
Alibaba,2021-10-01,True,False,HK holiday (XHKG closed)
Alibaba,2021-10-13,True,False,HK holiday (XHKG closed)
Alibaba,2021-10-14,True,False,HK holiday (XHKG closed)
Alibaba,2021-11-25,False,True,US holiday (XNYS closed)
Alibaba,2021-12-24,False,True,US holiday (XNYS closed)
Alibaba,2021-12-27,True,False,HK holiday (XHKG closed)
Alibaba,2022-01-17,False,True,US holiday (XNYS closed)
Alibaba,2022-02-01,True,False,HK holiday (XHKG closed)
Alibaba,2022-02-02,True,False,HK holiday (XHKG closed)
Alibaba,2022-02-03,True,False,HK holiday (XHKG closed)
Alibaba,2022-02-21,False,True,US holiday (XNYS closed)
Alibaba,2022-04-05,True,False,HK holiday (XHKG closed)
Alibaba,2022-04-18,True,False,HK holiday (XHKG closed)
Alibaba,2022-05-02,True,False,HK holiday (XHKG closed)
Alibaba,2022-05-09,True,False,HK holiday (XHKG closed)
Alibaba,2022-05-30,False,True,US holiday (XNYS closed)
Alibaba,2022-06-03,True,False,HK holiday (XHKG closed)
Alibaba,2022-06-20,False,True,US holiday (XNYS closed)
Alibaba,2022-07-01,True,False,HK holiday (XHKG closed)
Alibaba,2022-07-04,False,True,US holiday (XNYS closed)
Alibaba,2022-09-05,False,True,US holiday (XNYS closed)
Alibaba,2022-09-12,True,False,HK holiday (XHKG closed)
Alibaba,2022-10-04,True,False,HK holiday (XHKG closed)
Alibaba,2022-11-24,False,True,US holiday (XNYS closed)
Alibaba,2022-12-27,True,False,HK holiday (XHKG closed)
Alibaba,2023-01-16,False,True,US holiday (XNYS closed)
Alibaba,2023-01-23,True,False,HK holiday (XHKG closed)
Alibaba,2023-01-24,True,False,HK holiday (XHKG closed)
Alibaba,2023-01-25,True,False,HK holiday (XHKG closed)
Alibaba,2023-02-20,False,True,US holiday (XNYS closed)
Alibaba,2023-04-05,True,False,HK holiday (XHKG closed)
Alibaba,2023-04-10,True,False,HK holiday (XHKG closed)
Alibaba,2023-05-01,True,False,HK holiday (XHKG closed)
Alibaba,2023-05-26,True,False,HK holiday (XHKG closed)
Alibaba,2023-05-29,False,True,US holiday (XNYS closed)
Alibaba,2023-06-19,False,True,US holiday (XNYS closed)
Alibaba,2023-06-22,True,False,HK holiday (XHKG closed)
Alibaba,2023-07-04,False,True,US holiday (XNYS closed)
Alibaba,2023-07-17,True,False,HK holiday (XHKG closed)
Alibaba,2023-09-01,True,False,HK missing data (XHKG open)
Alibaba,2023-09-04,False,True,US holiday (XNYS closed)
Alibaba,2023-09-08,True,False,HK missing data (XHKG open)
Alibaba,2023-10-02,True,False,HK holiday (XHKG closed)
Alibaba,2023-10-23,True,False,HK holiday (XHKG closed)
Alibaba,2023-11-23,False,True,US holiday (XNYS closed)
Alibaba,2023-12-26,True,False,HK holiday (XHKG closed)
JD,2020-06-25,True,False,HK holiday (XHKG closed)
JD,2020-07-01,True,False,HK holiday (XHKG closed)
JD,2020-07-03,False,True,US holiday (XNYS closed)
JD,2020-09-07,False,True,US holiday (XNYS closed)
JD,2020-10-01,True,False,HK holiday (XHKG closed)
JD,2020-10-02,True,False,HK holiday (XHKG closed)
JD,2020-10-13,True,False,HK holiday (XHKG closed)
JD,2020-10-26,True,False,HK holiday (XHKG closed)
JD,2020-11-26,False,True,US holiday (XNYS closed)
JD,2021-01-18,False,True,US holiday (XNYS closed)
JD,2021-02-12,True,False,HK holiday (XHKG closed)
JD,2021-04-05,True,False,HK holiday (XHKG closed)
JD,2021-04-06,True,False,HK holiday (XHKG closed)
JD,2021-05-19,True,False,HK holiday (XHKG closed)
JD,2021-05-31,False,True,US holiday (XNYS closed)
JD,2021-06-14,True,False,HK holiday (XHKG closed)
JD,2021-07-01,True,False,HK holiday (XHKG closed)
JD,2021-07-05,False,True,US holiday (XNYS closed)
JD,2021-09-06,False,True,US holiday (XNYS closed)
JD,2021-09-22,True,False,HK holiday (XHKG closed)
JD,2021-10-01,True,False,HK holiday (XHKG closed)
JD,2021-10-13,True,False,HK holiday (XHKG closed)
JD,2021-10-14,True,False,HK holiday (XHKG closed)
JD,2021-11-25,False,True,US holiday (XNYS closed)
JD,2021-12-24,False,True,US holiday (XNYS closed)
JD,2021-12-27,True,False,HK holiday (XHKG closed)
JD,2022-01-17,False,True,US holiday (XNYS closed)
JD,2022-02-01,True,False,HK holiday (XHKG closed)
JD,2022-02-02,True,False,HK holiday (XHKG closed)
JD,2022-02-03,True,False,HK holiday (XHKG closed)
JD,2022-02-21,False,True,US holiday (XNYS closed)
JD,2022-04-05,True,False,HK holiday (XHKG closed)
JD,2022-04-18,True,False,HK holiday (XHKG closed)
JD,2022-05-02,True,False,HK holiday (XHKG closed)
JD,2022-05-09,True,False,HK holiday (XHKG closed)
JD,2022-05-30,False,True,US holiday (XNYS closed)
JD,2022-06-03,True,False,HK holiday (XHKG closed)
JD,2022-06-20,False,True,US holiday (XNYS closed)
JD,2022-07-01,True,False,HK holiday (XHKG closed)
JD,2022-07-04,False,True,US holiday (XNYS closed)
JD,2022-09-05,False,True,US holiday (XNYS closed)
JD,2022-09-12,True,False,HK holiday (XHKG closed)
JD,2022-10-04,True,False,HK holiday (XHKG closed)
JD,2022-11-24,False,True,US holiday (XNYS closed)
JD,2022-12-27,True,False,HK holiday (XHKG closed)
JD,2023-01-16,False,True,US holiday (XNYS closed)
JD,2023-01-23,True,False,HK holiday (XHKG closed)
JD,2023-01-24,True,False,HK holiday (XHKG closed)
JD,2023-01-25,True,False,HK holiday (XHKG closed)
JD,2023-02-20,False,True,US holiday (XNYS closed)
JD,2023-04-05,True,False,HK holiday (XHKG closed)
JD,2023-04-10,True,False,HK holiday (XHKG closed)
JD,2023-05-01,True,False,HK holiday (XHKG closed)
JD,2023-05-26,True,False,HK holiday (XHKG closed)
JD,2023-05-29,False,True,US holiday (XNYS closed)
JD,2023-06-19,False,True,US holiday (XNYS closed)
JD,2023-06-22,True,False,HK holiday (XHKG closed)
JD,2023-07-04,False,True,US holiday (XNYS closed)
JD,2023-07-17,True,False,HK holiday (XHKG closed)
JD,2023-09-01,True,False,HK missing data (XHKG open)
JD,2023-09-04,False,True,US holiday (XNYS closed)
JD,2023-09-08,True,False,HK missing data (XHKG open)
JD,2023-10-02,True,False,HK holiday (XHKG closed)
JD,2023-10-23,True,False,HK holiday (XHKG closed)
JD,2023-11-23,False,True,US holiday (XNYS closed)
JD,2023-12-26,True,False,HK holiday (XHKG closed)
NetEase,2020-06-25,True,False,HK holiday (XHKG closed)
NetEase,2020-07-01,True,False,HK holiday (XHKG closed)
NetEase,2020-07-03,False,True,US holiday (XNYS closed)
NetEase,2020-09-07,False,True,US holiday (XNYS closed)
NetEase,2020-10-01,True,False,HK holiday (XHKG closed)
NetEase,2020-10-02,True,False,HK holiday (XHKG closed)
NetEase,2020-10-13,True,False,HK holiday (XHKG closed)
NetEase,2020-10-26,True,False,HK holiday (XHKG closed)
NetEase,2020-11-26,False,True,US holiday (XNYS closed)
NetEase,2021-01-18,False,True,US holiday (XNYS closed)
NetEase,2021-02-12,True,False,HK holiday (XHKG closed)
NetEase,2021-04-05,True,False,HK holiday (XHKG closed)
NetEase,2021-04-06,True,False,HK holiday (XHKG closed)
NetEase,2021-05-19,True,False,HK holiday (XHKG closed)
NetEase,2021-05-31,False,True,US holiday (XNYS closed)
NetEase,2021-06-14,True,False,HK holiday (XHKG closed)
NetEase,2021-07-01,True,False,HK holiday (XHKG closed)
NetEase,2021-07-05,False,True,US holiday (XNYS closed)
NetEase,2021-09-06,False,True,US holiday (XNYS closed)
NetEase,2021-09-22,True,False,HK holiday (XHKG closed)
NetEase,2021-10-01,True,False,HK holiday (XHKG closed)
NetEase,2021-10-13,True,False,HK holiday (XHKG closed)
NetEase,2021-10-14,True,False,HK holiday (XHKG closed)
NetEase,2021-11-25,False,True,US holiday (XNYS closed)
NetEase,2021-12-24,False,True,US holiday (XNYS closed)
NetEase,2021-12-27,True,False,HK holiday (XHKG closed)
NetEase,2022-01-17,False,True,US holiday (XNYS closed)
NetEase,2022-02-01,True,False,HK holiday (XHKG closed)
NetEase,2022-02-02,True,False,HK holiday (XHKG closed)
NetEase,2022-02-03,True,False,HK holiday (XHKG closed)
NetEase,2022-02-21,False,True,US holiday (XNYS closed)
NetEase,2022-04-05,True,False,HK holiday (XHKG closed)
NetEase,2022-04-18,True,False,HK holiday (XHKG closed)
NetEase,2022-05-02,True,False,HK holiday (XHKG closed)
NetEase,2022-05-09,True,False,HK holiday (XHKG closed)
NetEase,2022-05-30,False,True,US holiday (XNYS closed)
NetEase,2022-06-03,True,False,HK holiday (XHKG closed)
NetEase,2022-06-20,False,True,US holiday (XNYS closed)
NetEase,2022-07-01,True,False,HK holiday (XHKG closed)
NetEase,2022-07-04,False,True,US holiday (XNYS closed)
NetEase,2022-09-05,False,True,US holiday (XNYS closed)
NetEase,2022-09-12,True,False,HK holiday (XHKG closed)
NetEase,2022-10-04,True,False,HK holiday (XHKG closed)
NetEase,2022-11-24,False,True,US holiday (XNYS closed)
NetEase,2022-12-27,True,False,HK holiday (XHKG closed)
NetEase,2023-01-16,False,True,US holiday (XNYS closed)
NetEase,2023-01-23,True,False,HK holiday (XHKG closed)
NetEase,2023-01-24,True,False,HK holiday (XHKG closed)
NetEase,2023-01-25,True,False,HK holiday (XHKG closed)
NetEase,2023-02-20,False,True,US holiday (XNYS closed)
NetEase,2023-04-05,True,False,HK holiday (XHKG closed)
NetEase,2023-04-10,True,False,HK holiday (XHKG closed)
NetEase,2023-05-01,True,False,HK holiday (XHKG closed)
NetEase,2023-05-26,True,False,HK holiday (XHKG closed)
NetEase,2023-05-29,False,True,US holiday (XNYS closed)
NetEase,2023-06-19,False,True,US holiday (XNYS closed)
NetEase,2023-06-22,True,False,HK holiday (XHKG closed)
NetEase,2023-07-04,False,True,US holiday (XNYS closed)
NetEase,2023-07-17,True,False,HK holiday (XHKG closed)
NetEase,2023-09-01,True,False,HK missing data (XHKG open)
NetEase,2023-09-04,False,True,US holiday (XNYS closed)
NetEase,2023-09-08,True,False,HK missing data (XHKG open)
NetEase,2023-10-02,True,False,HK holiday (XHKG closed)
NetEase,2023-10-23,True,False,HK holiday (XHKG closed)
NetEase,2023-11-23,False,True,US holiday (XNYS closed)
NetEase,2023-12-26,True,False,HK holiday (XHKG closed)
YumChina,2020-10-01,True,False,HK holiday (XHKG closed)
YumChina,2020-10-02,True,False,HK holiday (XHKG closed)
YumChina,2020-10-13,True,False,HK holiday (XHKG closed)
YumChina,2020-10-26,True,False,HK holiday (XHKG closed)
YumChina,2020-11-26,False,True,US holiday (XNYS closed)
YumChina,2021-01-18,False,True,US holiday (XNYS closed)
YumChina,2021-02-12,True,False,HK holiday (XHKG closed)
YumChina,2021-04-05,True,False,HK holiday (XHKG closed)
YumChina,2021-04-06,True,False,HK holiday (XHKG closed)
YumChina,2021-05-19,True,False,HK holiday (XHKG closed)
YumChina,2021-05-31,False,True,US holiday (XNYS closed)
YumChina,2021-06-14,True,False,HK holiday (XHKG closed)
YumChina,2021-07-01,True,False,HK holiday (XHKG closed)
YumChina,2021-07-05,False,True,US holiday (XNYS closed)
YumChina,2021-09-06,False,True,US holiday (XNYS closed)
YumChina,2021-09-22,True,False,HK holiday (XHKG closed)
YumChina,2021-10-01,True,False,HK holiday (XHKG closed)
YumChina,2021-10-13,True,False,HK holiday (XHKG closed)
YumChina,2021-10-14,True,False,HK holiday (XHKG closed)
YumChina,2021-11-25,False,True,US holiday (XNYS closed)
YumChina,2021-12-24,False,True,US holiday (XNYS closed)
YumChina,2021-12-27,True,False,HK holiday (XHKG closed)
YumChina,2022-01-17,False,True,US holiday (XNYS closed)
YumChina,2022-02-01,True,False,HK holiday (XHKG closed)
YumChina,2022-02-02,True,False,HK holiday (XHKG closed)
YumChina,2022-02-03,True,False,HK holiday (XHKG closed)
YumChina,2022-02-21,False,True,US holiday (XNYS closed)
YumChina,2022-04-05,True,False,HK holiday (XHKG closed)
YumChina,2022-04-18,True,False,HK holiday (XHKG closed)
YumChina,2022-05-02,True,False,HK holiday (XHKG closed)
YumChina,2022-05-09,True,False,HK holiday (XHKG closed)
YumChina,2022-05-30,False,True,US holiday (XNYS closed)
YumChina,2022-06-03,True,False,HK holiday (XHKG closed)
YumChina,2022-06-20,False,True,US holiday (XNYS closed)
YumChina,2022-07-01,True,False,HK holiday (XHKG closed)
YumChina,2022-07-04,False,True,US holiday (XNYS closed)
YumChina,2022-09-05,False,True,US holiday (XNYS closed)
YumChina,2022-09-12,True,False,HK holiday (XHKG closed)
YumChina,2022-10-04,True,False,HK holiday (XHKG closed)
YumChina,2022-11-24,False,True,US holiday (XNYS closed)
YumChina,2022-12-27,True,False,HK holiday (XHKG closed)
YumChina,2023-01-16,False,True,US holiday (XNYS closed)
YumChina,2023-01-23,True,False,HK holiday (XHKG closed)
YumChina,2023-01-24,True,False,HK holiday (XHKG closed)
YumChina,2023-01-25,True,False,HK holiday (XHKG closed)
YumChina,2023-02-20,False,True,US holiday (XNYS closed)
YumChina,2023-04-05,True,False,HK holiday (XHKG closed)
YumChina,2023-04-10,True,False,HK holiday (XHKG closed)
YumChina,2023-05-01,True,False,HK holiday (XHKG closed)
YumChina,2023-05-26,True,False,HK holiday (XHKG closed)
YumChina,2023-05-29,False,True,US holiday (XNYS closed)
YumChina,2023-06-19,False,True,US holiday (XNYS closed)
YumChina,2023-06-22,True,False,HK holiday (XHKG closed)
YumChina,2023-07-04,False,True,US holiday (XNYS closed)
YumChina,2023-07-17,True,False,HK holiday (XHKG closed)
YumChina,2023-09-01,True,False,HK missing data (XHKG open)
YumChina,2023-09-04,False,True,US holiday (XNYS closed)
YumChina,2023-09-08,True,False,HK missing data (XHKG open)
YumChina,2023-10-02,True,False,HK holiday (XHKG closed)
YumChina,2023-10-23,True,False,HK holiday (XHKG closed)
YumChina,2023-11-23,False,True,US holiday (XNYS closed)
YumChina,2023-12-26,True,False,HK holiday (XHKG closed)
Baidu,2021-04-05,True,False,HK holiday (XHKG closed)
Baidu,2021-04-06,True,False,HK holiday (XHKG closed)
Baidu,2021-05-19,True,False,HK holiday (XHKG closed)
Baidu,2021-05-31,False,True,US holiday (XNYS closed)
Baidu,2021-06-14,True,False,HK holiday (XHKG closed)
Baidu,2021-07-01,True,False,HK holiday (XHKG closed)
Baidu,2021-07-05,False,True,US holiday (XNYS closed)
Baidu,2021-09-06,False,True,US holiday (XNYS closed)
Baidu,2021-09-22,True,False,HK holiday (XHKG closed)
Baidu,2021-10-01,True,False,HK holiday (XHKG closed)
Baidu,2021-10-13,True,False,HK holiday (XHKG closed)
Baidu,2021-10-14,True,False,HK holiday (XHKG closed)
Baidu,2021-11-25,False,True,US holiday (XNYS closed)
Baidu,2021-12-24,False,True,US holiday (XNYS closed)
Baidu,2021-12-27,True,False,HK holiday (XHKG closed)
Baidu,2022-01-17,False,True,US holiday (XNYS closed)
Baidu,2022-02-01,True,False,HK holiday (XHKG closed)
Baidu,2022-02-02,True,False,HK holiday (XHKG closed)
Baidu,2022-02-03,True,False,HK holiday (XHKG closed)
Baidu,2022-02-21,False,True,US holiday (XNYS closed)
Baidu,2022-03-14,True,True,unreliable HK bar
Baidu,2022-04-05,True,False,HK holiday (XHKG closed)
Baidu,2022-04-18,True,False,HK holiday (XHKG closed)
Baidu,2022-05-02,True,False,HK holiday (XHKG closed)
Baidu,2022-05-09,True,False,HK holiday (XHKG closed)
Baidu,2022-05-30,False,True,US holiday (XNYS closed)
Baidu,2022-06-03,True,False,HK holiday (XHKG closed)
Baidu,2022-06-20,False,True,US holiday (XNYS closed)
Baidu,2022-07-01,True,False,HK holiday (XHKG closed)
Baidu,2022-07-04,False,True,US holiday (XNYS closed)
Baidu,2022-09-05,False,True,US holiday (XNYS closed)
Baidu,2022-09-12,True,False,HK holiday (XHKG closed)
Baidu,2022-10-04,True,False,HK holiday (XHKG closed)
Baidu,2022-11-24,False,True,US holiday (XNYS closed)
Baidu,2022-12-27,True,False,HK holiday (XHKG closed)
Baidu,2023-01-16,False,True,US holiday (XNYS closed)
Baidu,2023-01-23,True,False,HK holiday (XHKG closed)
Baidu,2023-01-24,True,False,HK holiday (XHKG closed)
Baidu,2023-01-25,True,False,HK holiday (XHKG closed)
Baidu,2023-02-20,False,True,US holiday (XNYS closed)
Baidu,2023-04-05,True,False,HK holiday (XHKG closed)
Baidu,2023-04-10,True,False,HK holiday (XHKG closed)
Baidu,2023-05-01,True,False,HK holiday (XHKG closed)
Baidu,2023-05-26,True,False,HK holiday (XHKG closed)
Baidu,2023-05-29,False,True,US holiday (XNYS closed)
Baidu,2023-06-19,False,True,US holiday (XNYS closed)
Baidu,2023-06-22,True,False,HK holiday (XHKG closed)
Baidu,2023-07-04,False,True,US holiday (XNYS closed)
Baidu,2023-07-17,True,False,HK holiday (XHKG closed)
Baidu,2023-09-01,True,False,HK missing data (XHKG open)
Baidu,2023-09-04,False,True,US holiday (XNYS closed)
Baidu,2023-09-08,True,False,HK missing data (XHKG open)
Baidu,2023-10-02,True,False,HK holiday (XHKG closed)
Baidu,2023-10-23,True,False,HK holiday (XHKG closed)
Baidu,2023-11-23,False,True,US holiday (XNYS closed)
Baidu,2023-12-26,True,False,HK holiday (XHKG closed)
TripCom,2021-05-19,True,False,HK holiday (XHKG closed)
TripCom,2021-05-31,False,True,US holiday (XNYS closed)
TripCom,2021-06-14,True,False,HK holiday (XHKG closed)
TripCom,2021-07-01,True,False,HK holiday (XHKG closed)
TripCom,2021-07-05,False,True,US holiday (XNYS closed)
TripCom,2021-09-06,False,True,US holiday (XNYS closed)
TripCom,2021-09-22,True,False,HK holiday (XHKG closed)
TripCom,2021-10-01,True,False,HK holiday (XHKG closed)
TripCom,2021-10-13,True,False,HK holiday (XHKG closed)
TripCom,2021-10-14,True,False,HK holiday (XHKG closed)
TripCom,2021-11-25,False,True,US holiday (XNYS closed)
TripCom,2021-12-24,False,True,US holiday (XNYS closed)
TripCom,2021-12-27,True,False,HK holiday (XHKG closed)
TripCom,2022-01-17,False,True,US holiday (XNYS closed)
TripCom,2022-02-01,True,False,HK holiday (XHKG closed)
TripCom,2022-02-02,True,False,HK holiday (XHKG closed)
TripCom,2022-02-03,True,False,HK holiday (XHKG closed)
TripCom,2022-02-21,False,True,US holiday (XNYS closed)
TripCom,2022-03-14,True,True,unreliable HK bar
TripCom,2022-04-05,True,False,HK holiday (XHKG closed)
TripCom,2022-04-18,True,False,HK holiday (XHKG closed)
TripCom,2022-05-02,True,False,HK holiday (XHKG closed)
TripCom,2022-05-09,True,False,HK holiday (XHKG closed)
TripCom,2022-05-30,False,True,US holiday (XNYS closed)
TripCom,2022-06-03,True,False,HK holiday (XHKG closed)
TripCom,2022-06-20,False,True,US holiday (XNYS closed)
TripCom,2022-07-01,True,False,HK holiday (XHKG closed)
TripCom,2022-07-04,False,True,US holiday (XNYS closed)
TripCom,2022-09-05,False,True,US holiday (XNYS closed)
TripCom,2022-09-12,True,False,HK holiday (XHKG closed)
TripCom,2022-10-04,True,False,HK holiday (XHKG closed)
TripCom,2022-11-24,False,True,US holiday (XNYS closed)
TripCom,2022-12-27,True,False,HK holiday (XHKG closed)
TripCom,2023-01-16,False,True,US holiday (XNYS closed)
TripCom,2023-01-23,True,False,HK holiday (XHKG closed)
TripCom,2023-01-24,True,False,HK holiday (XHKG closed)
TripCom,2023-01-25,True,False,HK holiday (XHKG closed)
TripCom,2023-02-20,False,True,US holiday (XNYS closed)
TripCom,2023-04-05,True,False,HK holiday (XHKG closed)
TripCom,2023-04-10,True,False,HK holiday (XHKG closed)
TripCom,2023-05-01,True,False,HK holiday (XHKG closed)
TripCom,2023-05-26,True,False,HK holiday (XHKG closed)
TripCom,2023-05-29,False,True,US holiday (XNYS closed)
TripCom,2023-06-19,False,True,US holiday (XNYS closed)
TripCom,2023-06-22,True,False,HK holiday (XHKG closed)
TripCom,2023-07-04,False,True,US holiday (XNYS closed)
TripCom,2023-07-17,True,False,HK holiday (XHKG closed)
TripCom,2023-09-01,True,False,HK missing data (XHKG open)
TripCom,2023-09-04,False,True,US holiday (XNYS closed)
TripCom,2023-09-08,True,False,HK missing data (XHKG open)
TripCom,2023-10-02,True,False,HK holiday (XHKG closed)
TripCom,2023-10-23,True,False,HK holiday (XHKG closed)
TripCom,2023-11-23,False,True,US holiday (XNYS closed)
TripCom,2023-12-26,True,False,HK holiday (XHKG closed)
