pair,date,fx_date_used,fx
Alibaba,2025-01-02,2024-12-31,7.763500213623047
Alibaba,2026-01-02,2025-12-31,7.780660152435303
JD,2025-01-02,2024-12-31,7.763500213623047
JD,2026-01-02,2025-12-31,7.780660152435303
NetEase,2025-01-02,2024-12-31,7.763500213623047
NetEase,2026-01-02,2025-12-31,7.780660152435303
YumChina,2025-01-02,2024-12-31,7.763500213623047
YumChina,2026-01-02,2025-12-31,7.780660152435303
Baidu,2025-01-02,2024-12-31,7.763500213623047
Baidu,2026-01-02,2025-12-31,7.780660152435303
TripCom,2025-01-02,2024-12-31,7.763500213623047
TripCom,2026-01-02,2025-12-31,7.780660152435303
