ticker,date,issue,open,high,low,close,volume
9988.HK,2024-12-24,zero_volume,83.44999694824219,83.44999694824219,83.44999694824219,83.44999694824219,0.0
9988.HK,2024-12-31,zero_volume,82.8499984741211,82.8499984741211,82.8499984741211,82.8499984741211,0.0
9988.HK,2025-01-28,zero_volume,88.3499984741211,88.3499984741211,88.3499984741211,88.3499984741211,0.0
9988.HK,2025-12-24,zero_volume,146.10000610351562,146.10000610351562,146.10000610351562,146.10000610351562,0.0
9988.HK,2026-02-16,zero_volume,154.6999969482422,154.6999969482422,154.6999969482422,154.6999969482422,0.0
9618.HK,2024-01-15,zero_volume,97.9499969482422,97.9499969482422,97.9499969482422,97.9499969482422,0.0
9618.HK,2024-02-09,zero_volume,86.30000305175781,86.30000305175781,86.30000305175781,86.30000305175781,0.0
9618.HK,2024-12-24,zero_volume,141.39999389648438,141.39999389648438,141.39999389648438,141.39999389648438,0.0
9618.HK,2024-12-31,zero_volume,135.89999389648438,135.89999389648438,135.89999389648438,135.89999389648438,0.0
9618.HK,2025-01-28,zero_volume,157.0,157.0,157.0,157.0,0.0
9618.HK,2025-12-24,zero_volume,112.6999969482422,112.6999969482422,112.6999969482422,112.6999969482422,0.0
9618.HK,2025-12-31,zero_volume,111.4000015258789,111.4000015258789,111.4000015258789,111.4000015258789,0.0
9618.HK,2026-02-16,zero_volume,105.9000015258789,105.9000015258789,105.9000015258789,105.9000015258789,0.0
9999.HK,2024-12-24,zero_volume,142.3000030517578,142.3000030517578,142.3000030517578,142.3000030517578,0.0
9999.HK,2024-12-31,zero_volume,139.1999969482422,139.1999969482422,139.1999969482422,139.1999969482422,0.0
9999.HK,2025-01-28,zero_volume,161.0,161.0,161.0,161.0,0.0
9999.HK,2025-12-24,zero_volume,213.1999969482422,213.1999969482422,213.1999969482422,213.1999969482422,0.0
9999.HK,2025-12-31,zero_volume,215.0,215.0,215.0,215.0,0.0
9999.HK,2026-02-16,zero_volume,187.3000030517578,187.3000030517578,187.3000030517578,187.3000030517578,0.0
9987.HK,2024-01-15,zero_volume,296.3999938964844,296.3999938964844,296.3999938964844,296.3999938964844,0.0
9987.HK,2024-02-09,zero_volume,308.0,308.0,308.0,308.0,0.0
9987.HK,2024-12-24,zero_volume,380.0,380.0,380.0,380.0,0.0
9987.HK,2024-12-31,zero_volume,374.6000061035156,374.6000061035156,374.6000061035156,374.6000061035156,0.0
9987.HK,2025-01-28,zero_volume,353.0,353.0,353.0,353.0,0.0
9987.HK,2025-12-24,zero_volume,379.0,379.0,379.0,379.0,0.0
9987.HK,2025-12-31,zero_volume,368.2000122070313,368.2000122070313,368.2000122070313,368.2000122070313,0.0
9987.HK,2026-02-16,zero_volume,425.2000122070313,425.2000122070313,425.2000122070313,425.2000122070313,0.0
9888.HK,2024-01-15,zero_volume,113.5,113.5,113.5,113.5,0.0
9888.HK,2024-02-09,zero_volume,101.0999984741211,101.0999984741211,101.0999984741211,101.0999984741211,0.0
9888.HK,2024-12-24,zero_volume,85.5,85.5,85.5,85.5,0.0
9888.HK,2024-12-31,zero_volume,82.69999694824219,82.69999694824219,82.69999694824219,82.69999694824219,0.0
9888.HK,2025-01-28,zero_volume,87.69999694824219,87.69999694824219,87.69999694824219,87.69999694824219,0.0
9888.HK,2025-12-24,zero_volume,119.8000030517578,119.8000030517578,119.8000030517578,119.8000030517578,0.0
9888.HK,2025-12-31,zero_volume,131.39999389648438,131.39999389648438,131.39999389648438,131.39999389648438,0.0
9888.HK,2026-02-16,zero_volume,137.10000610351562,137.10000610351562,137.10000610351562,137.10000610351562,0.0
9961.HK,2024-01-15,zero_volume,294.79998779296875,294.79998779296875,294.79998779296875,294.79998779296875,0.0
9961.HK,2024-02-09,zero_volume,304.6000061035156,304.6000061035156,304.6000061035156,304.6000061035156,0.0
9961.HK,2024-12-24,zero_volume,561.0,561.0,561.0,561.0,0.0
9961.HK,2024-12-31,zero_volume,540.0,540.0,540.0,540.0,0.0
9961.HK,2025-01-28,zero_volume,549.0,549.0,549.0,549.0,0.0
9961.HK,2025-12-24,zero_volume,563.5,563.5,563.5,563.5,0.0
9961.HK,2025-12-31,zero_volume,554.0,554.0,554.0,554.0,0.0
9961.HK,2026-02-16,zero_volume,419.0,419.0,419.0,419.0,0.0
HKD=X,2025-01-01,missing_price,,,,,0.0
HKD=X,2025-04-18,missing_price,,,,,0.0
HKD=X,2025-04-21,missing_price,,,,,0.0
HKD=X,2025-12-25,missing_price,,,,,0.0
HKD=X,2026-01-01,missing_price,,,,,0.0
HKD=X,2024-01-09,open_outside_range,7.806000232696533,7.815830230712891,7.806310176849365,7.806000232696533,0.0
HKD=X,2024-01-11,open_outside_range,7.819900035858154,7.819799900054932,7.815420150756836,7.819900035858154,0.0
HKD=X,2024-03-21,open_outside_range,7.822999954223633,7.82289981842041,7.8196001052856445,7.822999954223633,0.0
HKD=X,2024-04-05,open_outside_range,7.82919979095459,7.829100131988525,7.826330184936523,7.82919979095459,0.0
HKD=X,2024-05-06,open_outside_range,7.809969902038574,7.81790018081665,7.810540199279785,7.809969902038574,0.0
HKD=X,2024-06-05,open_outside_range,7.813899993896484,7.813799858093262,7.807950019836426,7.813899993896484,0.0
HKD=X,2024-09-13,open_outside_range,7.802519798278809,7.802050113677979,7.796999931335449,7.802519798278809,0.0
HKD=X,2024-09-26,open_outside_range,7.786300182342529,7.785950183868408,7.778200149536133,7.786300182342529,0.0
HKD=X,2024-11-06,open_outside_range,7.771420001983643,7.7782697677612305,7.771679878234863,7.771420001983643,0.0
HKD=X,2025-02-04,open_outside_range,7.793200016021728,7.793099880218506,7.786099910736084,7.793200016021728,0.0
HKD=X,2025-05-19,open_outside_range,7.8138298988342285,7.822000026702881,7.813839912414551,7.8138298988342285,0.0
HKD=X,2025-06-05,open_outside_range,7.843739986419678,7.8471999168396,7.8438401222229,7.843739986419678,0.0
HKD=X,2025-06-11,open_outside_range,7.847789764404297,7.8495001792907715,7.848010063171387,7.847789764404297,0.0
HKD=X,2025-07-31,open_outside_range,7.849289894104004,7.849979877471924,7.849319934844971,7.849289894104004,0.0
HKD=X,2025-08-13,open_outside_range,7.848380088806152,7.849929809570312,7.848490238189697,7.848380088806152,0.0
HKD=X,2025-08-26,open_outside_range,7.812699794769287,7.8125901222229,7.79272985458374,7.812699794769287,0.0
