ticker,currency,first_date,last_date,n_rows,duplicate_dates,missing_open,missing_high,missing_low,missing_close,missing_volume,nonpositive_price,open_outside_range,flat_bar,zero_volume,max_gap_days,max_gap_end,n_dividends,n_splits,split_details
BABA,USD,2024-01-02,2026-09-30,689,0,0,0,0,0,0,0,0,0,0,4,2024-01-16,3,0,
9988.HK,HKD,2024-01-02,2026-09-30,676,0,0,0,0,0,0,0,0,0,5,6,2025-02-03,3,0,
JD,USD,2024-01-02,2026-09-30,689,0,0,0,0,0,0,0,0,0,0,4,2024-01-16,3,0,
9618.HK,HKD,2024-01-02,2026-09-30,676,0,0,0,0,0,0,0,0,0,8,6,2025-02-03,3,0,
NTES,USD,2024-01-02,2026-09-30,689,0,0,0,0,0,0,0,0,0,0,4,2024-01-16,11,0,
9999.HK,HKD,2024-01-02,2026-09-30,676,0,0,0,0,0,0,0,0,0,6,6,2025-02-03,11,0,
YUMC,USD,2024-01-02,2026-09-30,689,0,0,0,0,0,0,0,0,0,0,4,2024-01-16,9,0,
9987.HK,HKD,2024-01-02,2026-09-30,676,0,0,0,0,0,0,0,0,0,8,6,2025-02-03,11,0,
BIDU,USD,2024-01-02,2026-09-30,689,0,0,0,0,0,0,0,0,0,0,4,2024-01-16,0,0,
9888.HK,HKD,2024-01-02,2026-09-30,676,0,0,0,0,0,0,0,0,0,8,6,2025-02-03,0,0,
TCOM,USD,2024-01-02,2026-09-30,689,0,0,0,0,0,0,0,0,0,0,4,2024-01-16,1,0,
9961.HK,HKD,2024-01-02,2026-09-30,676,0,0,0,0,0,0,0,0,0,8,6,2025-02-03,1,0,
HKD=X,HKD per USD,2024-01-01,2026-09-30,718,0,5,5,5,5,0,0,16,0,0,3,2024-01-08,0,0,
