pair,measure,acf_lag1,entry_deviation,expected_capture,round_trip_cost,capture_minus_cost
Alibaba,spread,0.022731322098321075,0.02688786742427583,0.0006111967749581685,0.0054,-0.004788803225041832
JD,spread,0.05447497187085065,0.028352558279527054,0.0015445048147438901,0.0054,-0.0038554951852561104
NetEase,spread,0.07385362169387137,0.02736641320246245,0.0020211087277728287,0.0074,-0.005378891272227172
YumChina,spread,0.25015178645110864,0.02471272967259762,0.0061819334756836155,0.0074,-0.0012180665243163849
Baidu,spread,0.050951197330408454,0.024172826131129206,0.0012316344342408181,0.0074,-0.006168365565759182
TripCom,spread,0.09361473998722841,0.02834213720670092,0.002653241805287659,0.0074,-0.004746758194712342
Alibaba,spread_2r,0.07362647615745671,0.01817233402249908,0.001337964917632868,0.0054,-0.0040620350823671325
JD,spread_2r,0.1506637526351933,0.020082052526541428,0.0030256373942657965,0.0054,-0.0023743626057342038
NetEase,spread_2r,0.1333143773263815,0.019389468598330243,0.0025848949328758234,0.0074,-0.004815105067124177
YumChina,spread_2r,0.338365711378069,0.02121746212039314,0.007179261664004057,0.0074,-0.00022073833599594358
Baidu,spread_2r,0.11078953069962087,0.017532640308725665,0.0019424329917289724,0.0074,-0.005457567008271028
TripCom,spread_2r,0.15675816130220346,0.021874652352374464,0.0034290302818831405,0.0074,-0.00397096971811686
