pair,role,measure,window_start,event,window_end,before_n,after_n,before_mean,after_mean,change_mean,before_std,after_std,change_std,before_acf_lag1,after_acf_lag1,change_acf_lag1,before_half_life_days,after_half_life_days,change_half_life_days
Alibaba,treated,spread,2024-03-08,2024-09-10,2025-03-13,120,120,-0.00046798084308928486,-0.00018864979485650144,0.0002793310482327834,0.008885662372076181,0.014517152719088962,0.005631490347012781,0.0903349969186293,0.011713689500593389,-0.07862130741803591,0.288653438981849,0.155881418003582,-0.13277202097826699
Alibaba,treated,spread_2r,2024-03-08,2024-09-10,2025-03-13,120,120,0.0006535426087445867,-0.0010721970411965123,-0.001725739649941099,0.005172157265466846,0.009345829247679637,0.0041736719822127915,0.18591795239631773,-0.01796445239433509,-0.2038824047906528,0.4128123314682115,,
Baidu,control,spread,2024-03-08,2024-09-10,2025-03-13,120,120,8.46463700939163e-06,-5.270062586678343e-05,-6.116526287617505e-05,0.009675907867619385,0.010021738919773836,0.00034583105215445047,0.20333427929959,0.14375295481072214,-0.059581324488867854,0.4351610447975507,0.3599897754839495,-0.07517126931360119
Baidu,control,spread_2r,2024-03-08,2024-09-10,2025-03-13,120,120,-2.4955798815679894e-05,0.0002646950928765492,0.0002896508916922291,0.0064145029835879375,0.007735164228427626,0.0013206612448396883,0.25434369628454356,0.13738009971300463,-0.11696359657153893,0.5062355987484981,0.3495193357939308,-0.1567162629545673
JD,control,spread,2024-03-08,2024-09-10,2025-03-13,120,120,0.0014134284826091304,-0.00015067557058915008,-0.0015641040531982804,0.011683364180477234,0.011369461394461688,-0.00031390278601554564,0.07224555031691643,0.08446184560497634,0.012216295288059911,0.2639930330201383,0.280436525373569,0.016443492353430678
JD,control,spread_2r,2024-03-08,2024-09-10,2025-03-13,120,120,0.0022022805605526386,-0.0006990605680642909,-0.0029013411286169296,0.007856562063512106,0.008828066192837263,0.0009715041293251563,0.00928861823637396,0.030656642489978424,0.021368024253604463,0.14855502180844035,0.1988953845710838,0.05034036276264345
TripCom,control,spread,2024-03-08,2024-09-10,2025-03-13,120,120,-0.002089193636977839,-0.002798909352359052,-0.0007097157153812131,0.0102468945450348,0.009962932581520442,-0.0002839619635143578,0.07513087072786977,0.027315865713523665,-0.0478150050143461,0.267786322054519,0.19330478510162175,-0.07448153695289728
TripCom,control,spread_2r,2024-03-08,2024-09-10,2025-03-13,120,120,-0.001996893933499883,-0.003223139351786966,-0.0012262454182870833,0.006732968871361883,0.007596132593459642,0.0008631637220977593,0.2615481401624861,0.1720900109027204,-0.08945812925976573,0.5174650605137644,0.39806761697713466,-0.11939744353662973
NetEase,control,spread,2024-03-08,2024-09-10,2025-03-13,120,120,-0.0006593429540782202,0.0007039082497940821,0.0013632512038723023,0.010096753695821319,0.010413974720611762,0.0003172210247904435,-0.01487429968149359,0.11428502924926846,0.12915932893076204,,0.3195717036976657,
NetEase,control,spread_2r,2024-03-08,2024-09-10,2025-03-13,120,120,-7.163995426246809e-05,-3.368465166066817e-05,3.795530260179992e-05,0.007452199225769281,0.007972698098174377,0.0005204988724050955,0.06346024733940671,0.16981816384868303,0.10635791650927633,0.2515567694651303,0.39066145991085155,0.13910469044572127
YumChina,control,spread,2024-03-08,2024-09-10,2025-03-13,120,120,0.00015532330484055348,0.0005209017332834575,0.00036557842844290407,0.009126810389114047,0.014088970395500954,0.004962160006386907,0.2894300325726065,0.0116639886909033,-0.27776604388170323,0.5640411129989374,0.15578992618629733,-0.4082511868126401
YumChina,control,spread_2r,2024-03-08,2024-09-10,2025-03-13,120,120,-0.0016021017806972587,0.0003650119858686886,0.0019671137665659474,0.0061389716378934655,0.009841770368773735,0.0037027987308802697,0.3959007121543554,0.12058837379652902,-0.27531233835782637,0.7599938343994818,0.32768356925730574,-0.432310265142176
