run_type,period,signal,us_exec,L,k,exit_z,H,stop_z,cost_multiplier,cum_return,ann_return,ann_vol,sharpe,max_drawdown,sharpe_gross,n_trades,hit_rate,avg_days_held,pct_days_in_market,turnover,cost_drag,elapsed_sec,nbhd_mean,nbhd_min,n_nbrs
grid,IS,spread,close,20,1.5,0.0,5,4.0,1.0,-0.1272450377124635,-0.0492641280818447,0.0750135438498074,-0.6155699184754294,-0.1371329525076822,0.4546169749398254,388,0.3427835051546392,2.097938144329897,0.2098041608248277,48.06860223026096,0.0826740512618952,0.3652,-0.5201673408347904,-0.6632510512696248,4
grid,IS,spread,close,20,1.5,0.0,10,4.0,1.0,-0.120677398721596,-0.0466147288887955,0.0776110187328633,-0.5576558112740042,-0.1306397218645795,0.4660468589260181,384,0.3411458333333333,2.2213541666666665,0.2198597001641297,47.5571711620199,0.0818345498503944,0.2995,-0.49278567551276253,-0.6634389878410557,4
grid,IS,spread,close,20,1.5,0.5,5,4.0,1.0,-0.1277517451279097,-0.0494690551058629,0.0704350136185546,-0.6632510512696248,-0.1413938872867635,0.5359208064028317,409,0.3471882640586797,1.5452322738386308,0.162891602585881,50.63826082616838,0.0869786919251968,0.3115,-0.5528142257878252,-0.6634389878410557,4
grid,IS,spread,close,20,1.5,0.5,10,4.0,1.0,-0.127973294123284,-0.0495586793998295,0.0705415779821762,-0.6634389878410557,-0.1416119712102695,0.5340058717305246,409,0.3471882640586797,1.547677261613692,0.1631492017615636,50.6436103027533,0.0869869991867514,0.299,-0.539344655054425,-0.6634389878410557,4
grid,IS,spread,close,20,2.0,0.0,5,4.0,1.0,-0.0542101897690994,-0.0204756590465656,0.0559787889663674,-0.3304663559914261,-0.0654885475911416,0.4366655655873995,210,0.3428571428571428,1.9761904761904765,0.1069566930326999,25.944993615016095,0.0442143584739592,0.2747,-0.30283378780641895,-0.6155699184754294,5
grid,IS,spread,close,20,2.0,0.0,10,4.0,1.0,-0.0479793877981835,-0.0180853040301955,0.0566421780865122,-0.2842061763130437,-0.0596002818875516,0.470086611179375,209,0.3397129186602871,2.062200956937799,0.1110794761246237,25.822114855751675,0.0439985625994862,0.2871,-0.29408553122129016,-0.5576558112740042,5
grid,IS,spread,close,20,2.0,0.5,5,4.0,1.0,-0.0511092825149922,-0.0192848081464256,0.0545153985077868,-0.3191877718382045,-0.0619404180536289,0.4908869307503769,216,0.3611111111111111,1.5462962962962965,0.0860783994717223,26.69168544073413,0.0454784696822812,0.2802,-0.32330848418841285,-0.6632510512696248,5
grid,IS,spread,close,20,2.0,0.5,10,4.0,1.0,-0.0513502985147417,-0.0193772784727457,0.0546531912332182,-0.3199188273283169,-0.0621786829705487,0.4882217782850941,216,0.3611111111111111,1.5509259259259258,0.0863359986474049,26.697034917319055,0.0454867769438359,0.292,-0.31393616987840073,-0.6634389878410557,5
grid,IS,spread,close,20,2.5,0.0,5,4.0,1.0,-0.0205260889438424,-0.0076687841101938,0.0433300551301811,-0.1508050234215164,-0.0489440283793956,0.3807317269671257,111,0.3513513513513513,1.855855855855856,0.0530973310173333,13.75165679793763,0.0237230299327352,0.2661,-0.1783592178562778,-0.3304663559914261,4
grid,IS,spread,close,20,2.5,0.0,10,4.0,1.0,-0.0235246369803473,-0.0087975098459851,0.0435078189090092,-0.1753805805004983,-0.0502137597698104,0.3541854549191935,111,0.3243243243243243,1.927927927927928,0.0551581244227944,13.752199442254348,0.0237324466422795,0.2669,-0.16462816789843482,-0.2842061763130437,4
grid,IS,spread,close,20,2.5,0.5,5,4.0,1.0,-0.0213948665674058,-0.0079955891064895,0.0433264015708258,-0.1581669891491192,-0.0495454986647821,0.3821014309449407,113,0.3451327433628318,1.5309734513274336,0.0445897792941304,13.988897602608748,0.0241207192717822,0.2632,-0.17657073639217477,-0.3191877718382045,4
grid,IS,spread,close,20,2.5,0.5,10,4.0,1.0,-0.0213948665674058,-0.0079955891064895,0.0433264015708258,-0.1581669891491192,-0.0495454986647821,0.3821014309449407,113,0.3451327433628318,1.5309734513274336,0.0445897792941304,13.988897602608748,0.0241207192717822,0.2935,-0.18163205890599365,-0.3199188273283169,4
grid,IS,spread,close,60,1.5,0.0,5,4.0,1.0,-0.0917779061904876,-0.0351021193895089,0.073617763830881,-0.4338935671634679,-0.1003861275434219,0.3807419267952794,289,0.3356401384083045,2.152249134948097,0.1603180033910578,35.82185421590482,0.0618297198997551,0.3009,-0.3638195561819932,-0.6155699184754294,5
grid,IS,spread,close,60,1.5,0.0,10,4.0,1.0,-0.0790906956626875,-0.030120697437211,0.077664240741881,-0.3430574836602797,-0.0982529062389502,0.4120770736737607,283,0.342756183745583,2.34982332155477,0.1714035406727565,35.052349064873304,0.0604526483260037,0.3192,-0.3420400359873766,-0.5576558112740042,5
grid,IS,spread,close,60,1.5,0.5,5,4.0,1.0,-0.1046907617728089,-0.0402172743787736,0.0737760494247454,-0.5026233995148113,-0.1114855111556157,0.3875018264163087,317,0.334384858044164,1.5173501577287063,0.1239745878014428,39.29286797309373,0.0676844479654271,0.2922,-0.41718847042185897,-0.6632510512696248,5
grid,IS,spread,close,60,1.5,0.5,10,4.0,1.0,-0.1028604205727886,-0.0394894139353541,0.0738022128964631,-0.4924585975591233,-0.1123187637242663,0.3973244054363729,317,0.334384858044164,1.526813880126183,0.1247473853284907,39.290997933010125,0.0676825123116548,0.3213,-0.3968120323617299,-0.6634389878410557,5
grid,IS,spread,close,60,2.0,0.0,5,4.0,1.0,-0.0241044895745693,-0.0090160317251655,0.0598379985833483,-0.1167674807988936,-0.0595724720374047,0.421556844314792,157,0.4012738853503185,2.070063694267516,0.0837691783782576,19.482559405156216,0.0332114216375269,0.2777,-0.17277214238825422,-0.4338935671634679,6
grid,IS,spread,close,60,2.0,0.0,10,4.0,1.0,-0.022253695243109,-0.0083188310053865,0.0630525100386154,-0.0968854359204519,-0.0661939340094909,0.4104353259471846,156,0.391025641025641,2.1666666666666665,0.0871211577448029,19.344797677401672,0.0329668273624978,0.2744,-0.14217140529225228,-0.3430574836602797,6
grid,IS,spread,close,60,2.0,0.5,5,4.0,1.0,-0.0294822450652216,-0.0110465809964566,0.0601578861837769,-0.1488599095537856,-0.0665498676764039,0.4037290725000161,162,0.382716049382716,1.537037037037037,0.0641780831750254,20.115428087887164,0.0342680053333391,0.282,-0.19414068777686322,-0.5026233995148113,6
grid,IS,spread,close,60,2.0,0.5,10,4.0,1.0,-0.0278340726213118,-0.010423508770514,0.0601602823525887,-0.1386982668006645,-0.0665498676764039,0.4138377428316527,162,0.3888888888888889,1.5432098765432098,0.0644356823507081,20.113907542904567,0.0342658716631803,0.2907,-0.18765991039142954,-0.4924585975591233,6
grid,IS,spread,close,60,2.5,0.0,5,4.0,1.0,-0.0079036599839398,-0.0029410735243601,0.030910821016192,-0.0769771402188291,-0.0344553386079615,0.4471494025466962,81,0.382716049382716,1.9259259259259256,0.0402050106628513,10.02040542912719,0.0167374210165048,0.2661,-0.07758821627698376,-0.1508050234215164,5
grid,IS,spread,close,60,2.5,0.0,10,4.0,1.0,-0.006423628761767,-0.0023892129115926,0.0327163218732865,-0.0545820701079965,-0.034839828565251,0.4402281518908374,81,0.382716049382716,2.0,0.0417518019979487,10.00922996180479,0.0167202443487964,0.2619,-0.07671965721051914,-0.1753805805004983,5
grid,IS,spread,close,60,2.5,0.5,5,4.0,1.0,-0.0092624330234576,-0.0034481764730099,0.0300365976995958,-0.0965269084029146,-0.0376407060613833,0.456820457532052,83,0.3614457831325301,1.5421686746987953,0.0329890436610664,10.272848786033212,0.0171669877873341,0.2796,-0.0880464198789611,-0.1581669891491192,5
grid,IS,spread,close,60,2.5,0.5,10,4.0,1.0,-0.0092624330234576,-0.0034481764730099,0.0300365976995958,-0.0965269084029146,-0.0376407060613833,0.456820457532052,83,0.3614457831325301,1.5421686746987953,0.0329890436610664,10.272848786033212,0.0171669877873341,0.2723,-0.08146393882750054,-0.1581669891491192,5
grid,IS,spread,close,120,1.5,0.0,5,4.0,1.0,-0.0453118297458392,-0.0170649421397061,0.0792914311362233,-0.1710054874790769,-0.085303412339516,0.5483200676962917,276,0.3768115942028985,2.1884057971014492,0.1556636727740799,34.19297298214256,0.0588046306993482,0.2874,-0.20015755590614887,-0.4338935671634679,4
grid,IS,spread,close,120,1.5,0.0,10,4.0,1.0,-0.0367033815146128,-0.0137843192036604,0.0800435309543645,-0.1282893203469327,-0.0771106635898764,0.5701211053454258,271,0.3837638376383764,2.3505535055350553,0.1641672368939441,33.54428671485165,0.0576466725446288,0.2976,-0.16879013474503402,-0.3430574836602797,4
grid,IS,spread,close,120,1.5,0.5,5,4.0,1.0,-0.06222987481893,-0.0235669127935866,0.0769896506631135,-0.2620442974703413,-0.0932074008019424,0.5192440942637698,291,0.3745704467353952,1.5670103092783505,0.11752463940103,36.06417574979075,0.0620078410849734,0.2977,-0.24251794415748856,-0.5026233995148113,4
grid,IS,spread,close,120,1.5,0.5,10,4.0,1.0,-0.0579921865511132,-0.0219313987856007,0.0770788007065862,-0.2405954587944447,-0.0932074008019422,0.536982176246245,290,0.3827586206896551,1.610344827586207,0.1203594266145407,35.934917636619744,0.0617848863098049,0.2863,-0.22873182026911837,-0.4924585975591233,4
grid,IS,spread,close,120,2.0,0.0,5,4.0,1.0,-0.0060192485017593,-0.0022385211912738,0.0604749782723029,-0.0055551070709255,-0.0661867028248607,0.4656235825781925,139,0.4460431654676259,1.985611510791367,0.0711312671167873,17.226570860317317,0.0294174992822493,0.2756,-0.043420458505642155,-0.1710054874790769,5
grid,IS,spread,close,120,2.0,0.0,10,4.0,1.0,0.0014385336077165,0.0005337265703226,0.06062996838155,0.038997076555564,-0.0661867028248608,0.5087627547266285,139,0.4460431654676259,2.1223021582733814,0.0760284427770945,17.21010013439453,0.0294065476726575,0.2729,-0.028661670344986748,-0.1282893203469327,5
grid,IS,spread,close,120,2.0,0.5,5,4.0,1.0,-0.0109385396498284,-0.0040743132021422,0.0596975939341786,-0.0363210775287685,-0.0661867028248608,0.4439236299201828,140,0.4285714285714285,1.5785714285714283,0.0569589260905696,17.360563941949685,0.0295949619103967,0.2692,-0.07071208039079574,-0.2620442974703413,5
grid,IS,spread,close,120,2.0,0.5,10,4.0,1.0,-0.0083152389419151,-0.0030946313392989,0.0597547677039181,-0.02027142717475,-0.0661867028248608,0.459350249908953,140,0.4428571428571428,1.6071428571428572,0.0579905190743018,17.354784716381364,0.0295873986040908,0.2758,-0.05686194064074293,-0.2405954587944447,5
grid,IS,spread,close,120,2.5,0.0,5,4.0,1.0,0.00067748040087,0.0002514197440315,0.0502388283699775,0.0301293252882476,-0.0551660126456295,0.3281608083429183,75,0.44,2.0533333333333332,0.0396882172701505,9.29690921435,0.0154617648798827,0.2674,0.007282121267973023,-0.0769771402188291,4
grid,IS,spread,close,120,2.5,0.0,10,4.0,1.0,0.0020589285093939,0.0007637574875194,0.0503338029419518,0.0400341918875756,-0.0551660126456294,0.337295577136794,75,0.4533333333333333,2.1866666666666665,0.042267000349314,9.285616814449552,0.0154507540573538,0.3014,0.022059206704399363,-0.0545820701079965,4
grid,IS,spread,close,120,2.5,0.5,5,4.0,1.0,0.0032873284539112,0.0012189613241053,0.0495051137087511,0.0487793364537965,-0.0551660126456294,0.3507730678643542,75,0.4533333333333333,1.6,0.0309282502556053,9.309066548022228,0.0154425986210682,0.2846,0.0003556371417934204,-0.0965269084029146,4
grid,IS,spread,close,120,2.5,0.5,10,4.0,1.0,0.0042457982356007,0.0015738947434489,0.0495503570564372,0.0557175098986061,-0.0551660126456295,0.3573228722127393,75,0.4666666666666667,1.64,0.0317022440636549,9.304807867436503,0.0154371689849212,0.2916,0.00554654053246272,-0.0965269084029146,4
grid,IS,spread_2r,close,20,1.5,0.0,5,4.0,1.0,-0.1253370914684985,-0.048493170359514,0.0765452677529079,-0.5914916973067798,-0.1406814552703328,0.5739780729695722,432,0.3657407407407407,2.1041666666666665,0.2342832602006881,53.58443833984438,0.0919050816926106,0.3677,-0.586306269601167,-0.897414706679631,4
grid,IS,spread_2r,close,20,1.5,0.0,10,4.0,1.0,-0.1148135040536595,-0.0442597161837287,0.0775179997399522,-0.527579547999779,-0.1365179487319752,0.6044133703346952,425,0.3788235294117647,2.232941176470588,0.2445948036743372,52.712940051420944,0.0904001124779949,0.3541,-0.5568806474032675,-0.8733486792414564,4
grid,IS,spread_2r,close,20,1.5,0.5,5,4.0,1.0,-0.1657334534440746,-0.0650482124692012,0.0699516697763487,-0.897414706679631,-0.1764001086566126,0.4693712233559554,464,0.3383620689655172,1.5711206896551724,0.1878922804784486,57.52515009875053,0.0985028386318548,0.3432,-0.691408339801456,-0.897414706679631,4
grid,IS,spread_2r,close,20,1.5,0.5,10,4.0,1.0,-0.1627238821783937,-0.0637976878330436,0.0703622942160704,-0.8733486792414564,-0.1734290167704072,0.4793727136097334,462,0.341991341991342,1.593073593073593,0.1896962722288948,57.28528479449231,0.0980605974133303,0.3465,-0.6827620019458702,-0.897414706679631,4
grid,IS,spread_2r,close,20,2.0,0.0,5,4.0,1.0,-0.0539791342206613,-0.0203868414993806,0.0537179487585348,-0.3450051223752306,-0.0687455480855825,0.539971946001747,230,0.4,2.0782608695652174,0.1232021890347288,28.53081268571273,0.0489862258571342,0.3334,-0.3170703368568299,-0.5914916973067798,5
grid,IS,spread_2r,close,20,2.0,0.0,10,4.0,1.0,-0.0466383800392422,-0.017572133634511,0.0548254882879213,-0.2861905838848593,-0.0621041580735114,0.5734923825571875,228,0.4166666666666667,2.192982456140351,0.1288749535444211,28.286160710915247,0.0485570589598987,0.3059,-0.29619767822993126,-0.527579547999779,5
grid,IS,spread_2r,close,20,2.0,0.5,5,4.0,1.0,-0.0558128240182138,-0.0210920860748806,0.0487375924762073,-0.3997992931966328,-0.0706339026583611,0.6039934013528767,237,0.3755274261603376,1.561181434599156,0.0953683189699861,29.37542398000464,0.0504099430671789,0.3179,-0.38157605912905396,-0.897414706679631,5
grid,IS,spread_2r,close,20,2.0,0.5,10,4.0,1.0,-0.05604745023825,-0.0211823864066819,0.0493477976771908,-0.3960621466879494,-0.070864845907746,0.595613993991919,237,0.379746835443038,1.5864978902953586,0.0969155090654174,29.384078187611323,0.0504290727274496,0.3217,-0.3748366035603727,-0.8733486792414564,5
grid,IS,spread_2r,close,20,2.5,0.0,5,4.0,1.0,-0.0245926899730033,-0.0092000770903892,0.0366196175596591,-0.226480243789019,-0.0371858594958457,0.5108911715871117,131,0.4198473282442748,1.9389312977099236,0.0654660790534386,16.25840625392865,0.0278224830303993,0.2947,-0.17696126873794638,-0.3450051223752306,4
grid,IS,spread_2r,close,20,2.5,0.0,10,4.0,1.0,-0.019471048678069,-0.0072721583444239,0.0383639920603006,-0.1653400259246124,-0.0366274351770713,0.5388067895560371,131,0.4351145038167939,2.0610687022900764,0.0695892609056963,16.255778125064584,0.027838425470417,0.2862,-0.15512931738071264,-0.2861905838848593,4
grid,IS,spread_2r,close,20,2.5,0.5,5,4.0,1.0,-0.0161394617142234,-0.006021459569677,0.0331385496180098,-0.1601841377566484,-0.0320025056153857,0.6709417162484526,134,0.4104477611940298,1.455223880597015,0.0502601512418194,16.608258207886685,0.0283801512417609,0.3067,-0.16885745642621694,-0.3997992931966328,4
grid,IS,spread_2r,close,20,2.5,0.5,10,4.0,1.0,-0.0157685741178905,-0.0058823908565003,0.0338030754975281,-0.1523634173098738,-0.0310684142841505,0.6625271204371167,134,0.417910447761194,1.4701492537313432,0.0507753495931847,16.617436167428906,0.0283953108094422,0.2898,-0.15576762194966348,-0.3960621466879494,4
grid,IS,spread_2r,close,60,1.5,0.0,5,4.0,1.0,-0.1103730715957435,-0.0424829025885769,0.069601820706034,-0.5700402736444151,-0.1293646546595299,0.4542719285101928,344,0.3488372093023256,2.197674418604651,0.1948538383872218,42.63675809011173,0.0733604335174319,0.323,-0.47541543740496345,-0.6949873225827801,5
grid,IS,spread_2r,close,60,1.5,0.0,10,4.0,1.0,-0.1018559194008261,-0.0390903569718221,0.0714107727177889,-0.5057927285834627,-0.120563074485257,0.480487611910489,340,0.3588235294117647,2.3911764705882352,0.2095445678474757,42.13015143892827,0.0724950269964778,0.3099,-0.4486155156127816,-0.7194049291205357,5
grid,IS,spread_2r,close,60,1.5,0.5,5,4.0,1.0,-0.1215802472921306,-0.0469782005002946,0.064178707118725,-0.6949873225827801,-0.1340974578682484,0.4896183698524583,369,0.3550135501355013,1.5826558265582655,0.1505208607481063,45.74707205250178,0.0783442676216723,0.3297,-0.5785117384158446,-0.897414706679631,5
grid,IS,spread_2r,close,60,1.5,0.5,10,4.0,1.0,-0.1258813670156597,-0.0487129918443038,0.0644333268728249,-0.7194049291205357,-0.1377776841352156,0.4537005143105228,367,0.3596730245231607,1.6185286103542234,0.1530984475462681,45.498605411679705,0.0778925558571943,0.328,-0.5742016261432662,-0.8733486792414564,5
grid,IS,spread_2r,close,60,2.0,0.0,5,4.0,1.0,-0.0102211120752024,-0.0038062249218474,0.0478089254999109,-0.0534550805884581,-0.0477552474879108,0.6593719968313664,166,0.3855421686746988,2.2349397590361444,0.0956211330216622,20.62936255451838,0.0351877703197385,0.301,-0.15986619474102196,-0.5700402736444151,6
grid,IS,spread_2r,close,60,2.0,0.0,10,4.0,1.0,-0.0107607670392204,-0.0040078717539612,0.0480612224927868,-0.0570086425071569,-0.04652393654285,0.6477097306349527,165,0.3878787878787879,2.4424242424242424,0.1038718830898502,20.48985213567972,0.0349660057223501,0.2913,-0.13160824867908252,-0.5057927285834627,6
grid,IS,spread_2r,close,60,2.0,0.5,5,4.0,1.0,-0.0139991430877873,-0.0052193748742815,0.0447678328677435,-0.0909909480782313,-0.0463394624823308,0.7077563573127887,175,0.3885714285714285,1.5885714285714283,0.0716516493524929,21.75542311564589,0.0369774573000204,0.2867,-0.17980238513811117,-0.6949873225827801,6
grid,IS,spread_2r,close,60,2.0,0.5,10,4.0,1.0,-0.0201844598060714,-0.0075403246204119,0.0448493717732033,-0.1412555010414641,-0.0471687012136041,0.6511415589451015,174,0.3850574712643678,1.637931034482759,0.0734556411029391,21.628822735622535,0.0367493619675278,0.2859,-0.18506664375427914,-0.7194049291205357,6
grid,IS,spread_2r,close,60,2.5,0.0,5,4.0,1.0,-0.0005634439820925,-0.0002091812832235,0.0358021491353827,0.0122031861557786,-0.0278067149517685,0.5027937090836414,85,0.4235294117647059,2.011764705882353,0.0440721883807618,10.591015417062096,0.0182254662034666,0.2719,-0.018917822067309086,-0.226480243789019,5
grid,IS,spread_2r,close,60,2.5,0.0,10,4.0,1.0,0.0037003835217352,0.0013719469448729,0.0363429555036112,0.0547276840048012,-0.0268749750282235,0.5377666019450609,85,0.4235294117647059,2.152941176470588,0.0471645747699551,10.579205472988422,0.0182184124667056,0.2708,-0.007979655400595982,-0.1653400259246124,5
grid,IS,spread_2r,close,60,2.5,0.5,5,4.0,1.0,0.007234410814102,0.002679249874208,0.0333048732794937,0.0945398099210893,-0.0293656321744172,0.6354996683555421,88,0.4090909090909091,1.443181818181818,0.0327334382870532,10.970496694946227,0.0187516944369529,0.2764,0.016115059998855766,-0.1601841377566484,5
grid,IS,spread_2r,close,60,2.5,0.5,10,4.0,1.0,0.0072982335973923,0.002702832582937,0.0333658139193533,0.0951116179307667,-0.0293041285301354,0.6350109409242046,88,0.4090909090909091,1.4545454545454546,0.0329914362230697,10.968576273279478,0.0187494558487331,0.2723,0.0053418256781809685,-0.1523634173098738,5
grid,IS,spread_2r,close,120,1.5,0.0,5,4.0,1.0,-0.0780341011978951,-0.0297077947640821,0.0624988049972115,-0.4367255217238846,-0.1015908713339318,0.5180907766001797,290,0.3931034482758621,2.393103448275862,0.1788583651145319,36.008238560178434,0.061452008355449,0.2889,-0.3663262999457109,-0.5700402736444151,4
grid,IS,spread_2r,close,120,1.5,0.0,10,4.0,1.0,-0.0598465682864673,-0.0226465173909058,0.0645557206091111,-0.3118669718213402,-0.0974354013213607,0.5832046394191475,281,0.4128113879003559,2.683274021352313,0.1943258797051725,34.87127240149994,0.0594955106343825,0.2888,-0.3394177413143126,-0.510420596289898,4
grid,IS,spread_2r,close,120,1.5,0.5,5,4.0,1.0,-0.0791301531858591,-0.0301361226664722,0.0563740422674803,-0.4982322503894744,-0.0953570738536867,0.6413584546816382,313,0.3833865814696485,1.6293929712460065,0.1314373874498957,38.8515487230636,0.0661868708950051,0.3147,-0.42260681027726754,-0.6949873225827801,4
grid,IS,spread_2r,close,120,1.5,0.5,10,4.0,1.0,-0.0819516248263808,-0.0312402068901564,0.0571098577573351,-0.510420596289898,-0.0970379614807789,0.6028299416455677,310,0.3838709677419354,1.664516129032258,0.1329833812643255,38.47506194419883,0.0654963897476531,0.3025,-0.4051561408793263,-0.7194049291205357,4
grid,IS,spread_2r,close,120,2.0,0.0,5,4.0,1.0,-0.0046365338919287,-0.0017235456619376,0.0449293984475445,-0.0147664821494401,-0.0434815410851707,0.6808496553118581,152,0.4539473684210526,2.2828947368421053,0.0894299800779337,18.938963050712097,0.0323311002667949,0.2823,-0.067490103520518,-0.4367255217238846,5
grid,IS,spread_2r,close,120,2.0,0.0,10,4.0,1.0,0.0057875269698026,0.0021443696756233,0.0469443353649189,0.0677171118470223,-0.042554653912197,0.7156081795811701,148,0.4662162162162162,2.5675675675675675,0.0979371330408027,18.423793224763372,0.0314853678543189,0.2756,-0.04822544891157519,-0.3118669718213402,5
grid,IS,spread_2r,close,120,2.0,0.5,5,4.0,1.0,0.0006984203965541,0.0002591890800864,0.0429731514251039,0.0273316395996991,-0.0359915598455448,0.7787756089749355,158,0.4683544303797468,1.5886075949367089,0.0646896926833858,19.675167230878397,0.0334702115011199,0.2882,-0.06941719432874169,-0.4982322503894744,5
grid,IS,spread_2r,close,120,2.0,0.5,10,4.0,1.0,-0.000984175917789,-0.0003654283988198,0.0443090123072378,0.0141440432246169,-0.0359915598455442,0.7379059544869556,157,0.4713375796178344,1.6305732484076434,0.0659780873221329,19.552930299858765,0.033249779784679,0.2773,-0.07686542368270956,-0.510420596289898,5
grid,IS,spread_2r,close,120,2.5,0.0,5,4.0,1.0,-0.001129590824685,-0.0004194407188357,0.033937111320084,0.0049577118919535,-0.0255129345486283,0.4328242131484335,71,0.4366197183098591,2.1690140845070425,0.039686622228815,8.871566363629796,0.0150198404800764,0.2808,0.03216669913110372,-0.0147664821494401,4
grid,IS,spread_2r,close,120,2.5,0.0,10,4.0,1.0,-0.0004637312328302,-0.0001721570469904,0.03457260847602,0.0124282479368469,-0.0254971158956431,0.4206581053010105,69,0.4202898550724637,2.4347826086956523,0.0432946057297074,8.604299183469811,0.0146039119491278,0.2772,0.04422430324887807,0.0049577118919535,4
grid,IS,spread_2r,close,120,2.5,0.5,5,4.0,1.0,0.0120814822457429,0.0044675901104587,0.033427017685059,0.1460108318203797,-0.0240629587337305,0.5805200623394825,72,0.4444444444444444,1.5138888888888888,0.0280902729594237,8.98961270308321,0.0151265500394647,0.2769,0.07082615075937762,0.0049577118919535,4
grid,IS,spread_2r,close,120,2.5,0.5,10,4.0,1.0,0.0060394484828099,0.0022375341268519,0.033589537807937,0.0812907605637665,-0.0240011190888362,0.5144124820226952,72,0.4305555555555556,1.5416666666666667,0.0286058700711228,8.9902266865714,0.0151285445366343,0.2668,0.06979710029527533,0.0124282479368469,4
