run_type,period,signal,us_exec,L,k,exit_z,H,stop_z,cost_multiplier,cum_return,ann_return,ann_vol,sharpe,max_drawdown,sharpe_gross,n_trades,hit_rate,avg_days_held,pct_days_in_market,turnover,cost_drag,elapsed_sec
grid,IS,spread,close,20,1.5,0.0,5,4.0,1.0,-0.12724503771246354,-0.04926412808184477,0.07501354384980745,-0.6155699184754294,-0.1371329525076822,0.4546169749398254,388,0.3427835051546392,2.097938144329897,0.20980416082482778,48.068602230260964,0.0826740512618952,0.3652
grid,IS,spread,close,20,1.5,0.0,10,4.0,1.0,-0.120677398721596,-0.04661472888879559,0.07761101873286336,-0.5576558112740042,-0.1306397218645795,0.4660468589260181,384,0.3411458333333333,2.2213541666666665,0.21985970016412978,47.5571711620199,0.08183454985039447,0.2995
grid,IS,spread,close,20,1.5,0.5,5,4.0,1.0,-0.12775174512790977,-0.04946905510586297,0.07043501361855468,-0.6632510512696248,-0.1413938872867635,0.5359208064028317,409,0.3471882640586797,1.5452322738386308,0.162891602585881,50.63826082616838,0.08697869192519682,0.3115
grid,IS,spread,close,20,1.5,0.5,10,4.0,1.0,-0.12797329412328406,-0.0495586793998295,0.07054157798217621,-0.6634389878410557,-0.14161197121026958,0.5340058717305246,409,0.3471882640586797,1.547677261613692,0.16314920176156364,50.6436103027533,0.08698699918675147,0.299
grid,IS,spread,close,20,2.0,0.0,5,4.0,1.0,-0.054210189769099415,-0.020475659046565675,0.05597878896636747,-0.3304663559914261,-0.06548854759114164,0.4366655655873995,210,0.34285714285714286,1.9761904761904763,0.10695669303269995,25.944993615016095,0.04421435847395925,0.2747
grid,IS,spread,close,20,2.0,0.0,10,4.0,1.0,-0.04797938779818356,-0.018085304030195593,0.05664217808651222,-0.2842061763130437,-0.05960028188755162,0.47008661117937506,209,0.3397129186602871,2.062200956937799,0.11107947612462377,25.822114855751675,0.0439985625994862,0.2871
grid,IS,spread,close,20,2.0,0.5,5,4.0,1.0,-0.05110928251499225,-0.019284808146425636,0.05451539850778685,-0.3191877718382045,-0.06194041805362893,0.4908869307503769,216,0.3611111111111111,1.5462962962962963,0.08607839947172231,26.691685440734126,0.045478469682281274,0.2802
grid,IS,spread,close,20,2.0,0.5,10,4.0,1.0,-0.05135029851474171,-0.01937727847274573,0.054653191233218254,-0.3199188273283169,-0.06217868297054874,0.48822177828509417,216,0.3611111111111111,1.5509259259259258,0.08633599864740495,26.697034917319055,0.04548677694383591,0.292
grid,IS,spread,close,20,2.5,0.0,5,4.0,1.0,-0.020526088943842447,-0.007668784110193894,0.04333005513018117,-0.1508050234215164,-0.0489440283793956,0.3807317269671257,111,0.35135135135135137,1.8558558558558558,0.05309733101733332,13.75165679793763,0.02372302993273527,0.2661
grid,IS,spread,close,20,2.5,0.0,10,4.0,1.0,-0.023524636980347347,-0.008797509845985152,0.04350781890900921,-0.1753805805004983,-0.05021375976981046,0.3541854549191935,111,0.32432432432432434,1.927927927927928,0.05515812442279441,13.752199442254348,0.02373244664227958,0.2669
grid,IS,spread,close,20,2.5,0.5,5,4.0,1.0,-0.021394866567405857,-0.007995589106489565,0.04332640157082584,-0.15816698914911922,-0.049545498664782195,0.38210143094494076,113,0.34513274336283184,1.5309734513274336,0.044589779294130404,13.988897602608747,0.024120719271782297,0.2632
grid,IS,spread,close,20,2.5,0.5,10,4.0,1.0,-0.021394866567405857,-0.007995589106489565,0.04332640157082584,-0.15816698914911922,-0.049545498664782195,0.38210143094494076,113,0.34513274336283184,1.5309734513274336,0.044589779294130404,13.988897602608747,0.024120719271782297,0.2935
grid,IS,spread,close,60,1.5,0.0,5,4.0,1.0,-0.09177790619048765,-0.03510211938950891,0.07361776383088106,-0.43389356716346794,-0.10038612754342191,0.38074192679527946,289,0.3356401384083045,2.152249134948097,0.16031800339105787,35.82185421590482,0.06182971989975512,0.3009
grid,IS,spread,close,60,1.5,0.0,10,4.0,1.0,-0.07909069566268756,-0.03012069743721102,0.07766424074188107,-0.3430574836602797,-0.09825290623895022,0.41207707367376073,283,0.34275618374558303,2.34982332155477,0.17140354067275654,35.052349064873304,0.06045264832600376,0.3192
grid,IS,spread,close,60,1.5,0.5,5,4.0,1.0,-0.1046907617728089,-0.04021727437877365,0.07377604942474546,-0.5026233995148113,-0.11148551115561578,0.38750182641630876,317,0.334384858044164,1.5173501577287065,0.12397458780144284,39.29286797309373,0.06768444796542711,0.2922
grid,IS,spread,close,60,1.5,0.5,10,4.0,1.0,-0.10286042057278866,-0.0394894139353541,0.07380221289646315,-0.49245859755912336,-0.1123187637242663,0.39732440543637293,317,0.334384858044164,1.526813880126183,0.12474738532849079,39.290997933010125,0.06768251231165484,0.3213
grid,IS,spread,close,60,2.0,0.0,5,4.0,1.0,-0.024104489574569343,-0.009016031725165519,0.05983799858334836,-0.11676748079889361,-0.05957247203740479,0.421556844314792,157,0.4012738853503185,2.070063694267516,0.08376917837825766,19.482559405156216,0.0332114216375269,0.2777
grid,IS,spread,close,60,2.0,0.0,10,4.0,1.0,-0.02225369524310905,-0.008318831005386551,0.06305251003861546,-0.09688543592045197,-0.06619393400949092,0.4104353259471846,156,0.391025641025641,2.1666666666666665,0.08712115774480296,19.344797677401672,0.03296682736249786,0.2744
grid,IS,spread,close,60,2.0,0.5,5,4.0,1.0,-0.02948224506522168,-0.011046580996456612,0.06015788618377699,-0.14885990955378567,-0.06654986767640392,0.4037290725000161,162,0.38271604938271603,1.537037037037037,0.06417808317502548,20.115428087887164,0.03426800533333918,0.282
grid,IS,spread,close,60,2.0,0.5,10,4.0,1.0,-0.02783407262131188,-0.010423508770514012,0.06016028235258879,-0.13869826680066452,-0.06654986767640392,0.41383774283165276,162,0.3888888888888889,1.5432098765432098,0.06443568235070811,20.113907542904567,0.0342658716631803,0.2907
grid,IS,spread,close,60,2.5,0.0,5,4.0,1.0,-0.007903659983939826,-0.002941073524360127,0.030910821016192046,-0.07697714021882915,-0.03445533860796157,0.4471494025466962,81,0.38271604938271603,1.9259259259259258,0.040205010662851336,10.02040542912719,0.01673742101650482,0.2661
grid,IS,spread,close,60,2.5,0.0,10,4.0,1.0,-0.006423628761767053,-0.002389212911592664,0.032716321873286595,-0.05458207010799655,-0.03483982856525103,0.4402281518908374,81,0.38271604938271603,2.0,0.04175180199794878,10.00922996180479,0.016720244348796428,0.2619
grid,IS,spread,close,60,2.5,0.5,5,4.0,1.0,-0.009262433023457639,-0.0034481764730099895,0.0300365976995958,-0.0965269084029146,-0.03764070606138337,0.456820457532052,83,0.3614457831325301,1.5421686746987953,0.03298904366106647,10.272848786033212,0.01716698778733414,0.2796
grid,IS,spread,close,60,2.5,0.5,10,4.0,1.0,-0.009262433023457639,-0.0034481764730099895,0.0300365976995958,-0.0965269084029146,-0.03764070606138337,0.456820457532052,83,0.3614457831325301,1.5421686746987953,0.03298904366106647,10.272848786033212,0.01716698778733414,0.2723
grid,IS,spread,close,120,1.5,0.0,5,4.0,1.0,-0.04531182974583925,-0.017064942139706107,0.07929143113622335,-0.1710054874790769,-0.085303412339516,0.5483200676962917,276,0.37681159420289856,2.1884057971014492,0.15566367277407994,34.19297298214256,0.05880463069934824,0.2874
grid,IS,spread,close,120,1.5,0.0,10,4.0,1.0,-0.03670338151461283,-0.013784319203660411,0.08004353095436455,-0.12828932034693272,-0.0771106635898764,0.5701211053454258,271,0.3837638376383764,2.3505535055350553,0.1641672368939441,33.54428671485165,0.057646672544628894,0.2976
grid,IS,spread,close,120,1.5,0.5,5,4.0,1.0,-0.06222987481893005,-0.023566912793586692,0.0769896506631135,-0.26204429747034136,-0.09320740080194245,0.5192440942637698,291,0.3745704467353952,1.5670103092783505,0.11752463940103008,36.06417574979075,0.06200784108497344,0.2977
grid,IS,spread,close,120,1.5,0.5,10,4.0,1.0,-0.05799218655111327,-0.021931398785600797,0.07707880070658625,-0.2405954587944447,-0.09320740080194223,0.536982176246245,290,0.38275862068965516,1.610344827586207,0.12035942661454073,35.934917636619744,0.061784886309804984,0.2863
grid,IS,spread,close,120,2.0,0.0,5,4.0,1.0,-0.006019248501759389,-0.002238521191273879,0.06047497827230293,-0.005555107070925525,-0.06618670282486072,0.46562358257819253,139,0.4460431654676259,1.985611510791367,0.07113126711678734,17.226570860317317,0.029417499282249328,0.2756
grid,IS,spread,close,120,2.0,0.0,10,4.0,1.0,0.0014385336077165078,0.0005337265703226901,0.060629968381550006,0.038997076555564,-0.06618670282486083,0.5087627547266285,139,0.4460431654676259,2.1223021582733814,0.07602844277709457,17.21010013439453,0.029406547672657588,0.2729
grid,IS,spread,close,120,2.0,0.5,5,4.0,1.0,-0.010938539649828494,-0.0040743132021422435,0.05969759393417866,-0.03632107752876853,-0.06618670282486083,0.4439236299201828,140,0.42857142857142855,1.5785714285714285,0.056958926090569635,17.360563941949685,0.029594961910396726,0.2692
grid,IS,spread,close,120,2.0,0.5,10,4.0,1.0,-0.008315238941915104,-0.003094631339298992,0.059754767703918125,-0.020271427174750035,-0.06618670282486083,0.459350249908953,140,0.44285714285714284,1.6071428571428572,0.057990519074301805,17.354784716381364,0.02958739860409088,0.2758
grid,IS,spread,close,120,2.5,0.0,5,4.0,1.0,0.0006774804008700119,0.00025141974403153355,0.05023882836997757,0.030129325288247688,-0.05516601264562959,0.3281608083429183,75,0.44,2.0533333333333332,0.03968821727015056,9.296909214349999,0.015461764879882767,0.2674
grid,IS,spread,close,120,2.5,0.0,10,4.0,1.0,0.0020589285093939313,0.0007637574875194453,0.050333802941951805,0.04003419188757568,-0.05516601264562948,0.33729557713679403,75,0.4533333333333333,2.1866666666666665,0.042267000349314056,9.285616814449552,0.015450754057353884,0.3014
grid,IS,spread,close,120,2.5,0.5,5,4.0,1.0,0.00328732845391122,0.001218961324105372,0.04950511370875112,0.04877933645379652,-0.05516601264562948,0.3507730678643542,75,0.4533333333333333,1.6,0.030928250255605375,9.309066548022228,0.015442598621068242,0.2846
grid,IS,spread,close,120,2.5,0.5,10,4.0,1.0,0.004245798235600784,0.0015738947434489337,0.049550357056437226,0.055717509898606105,-0.05516601264562959,0.35732287221273934,75,0.4666666666666667,1.64,0.03170224406365491,9.304807867436503,0.015437168984921274,0.2916
grid,IS,spread_2r,close,20,1.5,0.0,5,4.0,1.0,-0.12533709146849858,-0.04849317035951406,0.07654526775290793,-0.5914916973067798,-0.14068145527033282,0.5739780729695722,432,0.36574074074074076,2.1041666666666665,0.2342832602006881,53.58443833984438,0.09190508169261064,0.3677
grid,IS,spread_2r,close,20,1.5,0.0,10,4.0,1.0,-0.11481350405365953,-0.0442597161837287,0.0775179997399522,-0.527579547999779,-0.1365179487319752,0.6044133703346952,425,0.3788235294117647,2.232941176470588,0.2445948036743372,52.712940051420944,0.09040011247799493,0.3541
grid,IS,spread_2r,close,20,1.5,0.5,5,4.0,1.0,-0.16573345344407464,-0.06504821246920123,0.06995166977634878,-0.897414706679631,-0.1764001086566126,0.4693712233559554,464,0.33836206896551724,1.5711206896551724,0.1878922804784486,57.52515009875053,0.09850283863185486,0.3432
grid,IS,spread_2r,close,20,1.5,0.5,10,4.0,1.0,-0.16272388217839373,-0.06379768783304363,0.07036229421607046,-0.8733486792414564,-0.17342901677040723,0.47937271360973344,462,0.341991341991342,1.593073593073593,0.18969627222889482,57.28528479449231,0.09806059741333033,0.3465
grid,IS,spread_2r,close,20,2.0,0.0,5,4.0,1.0,-0.05397913422066136,-0.020386841499380637,0.05371794875853487,-0.3450051223752306,-0.06874554808558253,0.539971946001747,230,0.4,2.0782608695652174,0.12320218903472885,28.53081268571273,0.048986225857134275,0.3334
grid,IS,spread_2r,close,20,2.0,0.0,10,4.0,1.0,-0.046638380039242255,-0.017572133634511045,0.054825488287921366,-0.2861905838848593,-0.06210415807351144,0.5734923825571875,228,0.4166666666666667,2.192982456140351,0.1288749535444211,28.286160710915247,0.048557058959898744,0.3059
grid,IS,spread_2r,close,20,2.0,0.5,5,4.0,1.0,-0.05581282401821386,-0.021092086074880667,0.04873759247620732,-0.3997992931966328,-0.07063390265836111,0.6039934013528767,237,0.3755274261603376,1.5611814345991561,0.0953683189699861,29.37542398000464,0.05040994306717891,0.3179
grid,IS,spread_2r,close,20,2.0,0.5,10,4.0,1.0,-0.056047450238250085,-0.021182386406681908,0.04934779767719087,-0.3960621466879494,-0.070864845907746,0.595613993991919,237,0.379746835443038,1.5864978902953586,0.09691550906541745,29.384078187611323,0.050429072727449634,0.3217
grid,IS,spread_2r,close,20,2.5,0.0,5,4.0,1.0,-0.024592689973003345,-0.00920007709038928,0.03661961755965913,-0.22648024378901904,-0.03718585949584574,0.5108911715871117,131,0.4198473282442748,1.9389312977099236,0.06546607905343867,16.25840625392865,0.02782248303039931,0.2947
grid,IS,spread_2r,close,20,2.5,0.0,10,4.0,1.0,-0.019471048678069036,-0.007272158344423962,0.038363992060300674,-0.16534002592461242,-0.036627435177071344,0.5388067895560371,131,0.4351145038167939,2.0610687022900764,0.06958926090569638,16.255778125064584,0.02783842547041704,0.2862
grid,IS,spread_2r,close,20,2.5,0.5,5,4.0,1.0,-0.016139461714223424,-0.0060214595696770346,0.03313854961800987,-0.16018413775664841,-0.03200250561538576,0.6709417162484526,134,0.41044776119402987,1.455223880597015,0.05026015124181943,16.608258207886685,0.028380151241760902,0.3067
grid,IS,spread_2r,close,20,2.5,0.5,10,4.0,1.0,-0.015768574117890566,-0.00588239085650033,0.033803075497528194,-0.1523634173098738,-0.031068414284150525,0.6625271204371167,134,0.417910447761194,1.4701492537313432,0.0507753495931847,16.617436167428906,0.028395310809442235,0.2898
grid,IS,spread_2r,close,60,1.5,0.0,5,4.0,1.0,-0.1103730715957435,-0.0424829025885769,0.06960182070603405,-0.5700402736444151,-0.12936465465952995,0.4542719285101928,344,0.3488372093023256,2.197674418604651,0.1948538383872218,42.63675809011173,0.07336043351743195,0.323
grid,IS,spread_2r,close,60,1.5,0.0,10,4.0,1.0,-0.10185591940082617,-0.03909035697182217,0.07141077271778894,-0.5057927285834627,-0.12056307448525705,0.480487611910489,340,0.3588235294117647,2.3911764705882352,0.20954456784747577,42.13015143892827,0.07249502699647781,0.3099
grid,IS,spread_2r,close,60,1.5,0.5,5,4.0,1.0,-0.12158024729213068,-0.046978200500294665,0.06417870711872507,-0.6949873225827801,-0.13409745786824845,0.4896183698524583,369,0.35501355013550134,1.5826558265582655,0.1505208607481063,45.74707205250178,0.07834426762167238,0.3297
grid,IS,spread_2r,close,60,1.5,0.5,10,4.0,1.0,-0.12588136701565977,-0.04871299184430389,0.06443332687282492,-0.7194049291205357,-0.13777768413521563,0.4537005143105228,367,0.35967302452316074,1.6185286103542234,0.15309844754626817,45.498605411679705,0.07789255585719437,0.328
grid,IS,spread_2r,close,60,2.0,0.0,5,4.0,1.0,-0.010221112075202488,-0.0038062249218474564,0.047808925499910955,-0.05345508058845813,-0.047755247487910824,0.6593719968313664,166,0.3855421686746988,2.2349397590361444,0.09562113302166225,20.62936255451838,0.03518777031973853,0.301
grid,IS,spread_2r,close,60,2.0,0.0,10,4.0,1.0,-0.010760767039220465,-0.004007871753961223,0.048061222492786826,-0.05700864250715697,-0.04652393654285003,0.6477097306349527,165,0.3878787878787879,2.4424242424242424,0.10387188308985029,20.48985213567972,0.03496600572235015,0.2913
grid,IS,spread_2r,close,60,2.0,0.5,5,4.0,1.0,-0.01399914308778738,-0.00521937487428159,0.044767832867743544,-0.09099094807823131,-0.046339462482330895,0.7077563573127887,175,0.38857142857142857,1.5885714285714285,0.07165164935249298,21.755423115645886,0.0369774573000204,0.2867
grid,IS,spread_2r,close,60,2.0,0.5,10,4.0,1.0,-0.02018445980607142,-0.007540324620411987,0.04484937177320331,-0.14125550104146414,-0.04716870121360417,0.6511415589451015,174,0.3850574712643678,1.6379310344827587,0.07345564110293917,21.628822735622535,0.03674936196752787,0.2859
grid,IS,spread_2r,close,60,2.5,0.0,5,4.0,1.0,-0.0005634439820925152,-0.00020918128322355845,0.03580214913538274,0.012203186155778608,-0.027806714951768563,0.5027937090836414,85,0.4235294117647059,2.011764705882353,0.04407218838076188,10.591015417062096,0.018225466203466677,0.2719
grid,IS,spread_2r,close,60,2.5,0.0,10,4.0,1.0,0.0037003835217352954,0.0013719469448729704,0.0363429555036112,0.05472768400480127,-0.026874975028223558,0.5377666019450609,85,0.4235294117647059,2.152941176470588,0.04716457476995516,10.579205472988422,0.018218412466705622,0.2708
grid,IS,spread_2r,close,60,2.5,0.5,5,4.0,1.0,0.0072344108141020325,0.0026792498742080895,0.03330487327949372,0.09453980992108937,-0.029365632174417233,0.6354996683555421,88,0.4090909090909091,1.4431818181818181,0.03273343828705321,10.970496694946227,0.01875169443695293,0.2764
grid,IS,spread_2r,close,60,2.5,0.5,10,4.0,1.0,0.007298233597392345,0.0027028325829370203,0.03336581391935335,0.09511161793076672,-0.02930412853013542,0.6350109409242046,88,0.4090909090909091,1.4545454545454546,0.03299143622306972,10.968576273279478,0.01874945584873311,0.2723
grid,IS,spread_2r,close,120,1.5,0.0,5,4.0,1.0,-0.07803410119789511,-0.02970779476408214,0.0624988049972115,-0.4367255217238846,-0.10159087133393185,0.5180907766001797,290,0.3931034482758621,2.393103448275862,0.17885836511453193,36.008238560178434,0.061452008355449034,0.2889
grid,IS,spread_2r,close,120,1.5,0.0,10,4.0,1.0,-0.059846568286467394,-0.02264651739090584,0.06455572060911118,-0.3118669718213402,-0.09743540132136075,0.5832046394191475,281,0.4128113879003559,2.683274021352313,0.19432587970517257,34.87127240149994,0.05949551063438252,0.2888
grid,IS,spread_2r,close,120,1.5,0.5,5,4.0,1.0,-0.07913015318585914,-0.030136122666472254,0.05637404226748034,-0.49823225038947444,-0.09535707385368675,0.6413584546816382,313,0.38338658146964855,1.6293929712460065,0.13143738744989578,38.8515487230636,0.06618687089500513,0.3147
grid,IS,spread_2r,close,120,1.5,0.5,10,4.0,1.0,-0.08195162482638085,-0.031240206890156497,0.05710985775733513,-0.510420596289898,-0.09703796148077892,0.6028299416455677,310,0.38387096774193546,1.664516129032258,0.1329833812643255,38.47506194419883,0.06549638974765312,0.3025
grid,IS,spread_2r,close,120,2.0,0.0,5,4.0,1.0,-0.004636533891928751,-0.0017235456619376643,0.04492939844754455,-0.01476648214944019,-0.04348154108517077,0.6808496553118581,152,0.45394736842105265,2.2828947368421053,0.08942998007793372,18.938963050712097,0.032331100266794935,0.2823
grid,IS,spread_2r,close,120,2.0,0.0,10,4.0,1.0,0.00578752696980267,0.00214436967562337,0.04694433536491892,0.06771711184702235,-0.04255465391219704,0.7156081795811701,148,0.46621621621621623,2.5675675675675675,0.09793713304080276,18.423793224763372,0.03148536785431894,0.2756
grid,IS,spread_2r,close,120,2.0,0.5,5,4.0,1.0,0.0006984203965541003,0.000259189080086486,0.04297315142510398,0.027331639599699118,-0.03599155984554481,0.7787756089749355,158,0.46835443037974683,1.5886075949367089,0.06468969268338588,19.675167230878397,0.03347021150111999,0.2882
grid,IS,spread_2r,close,120,2.0,0.5,10,4.0,1.0,-0.0009841759177890985,-0.0003654283988198115,0.04430901230723787,0.014144043224616928,-0.03599155984554425,0.7379059544869556,157,0.4713375796178344,1.6305732484076434,0.06597808732213296,19.552930299858765,0.033249779784679086,0.2773
grid,IS,spread_2r,close,120,2.5,0.0,5,4.0,1.0,-0.0011295908246850006,-0.00041944071883570633,0.03393711132008404,0.004957711891953507,-0.025512934548628352,0.4328242131484335,71,0.43661971830985913,2.1690140845070425,0.03968662222881506,8.871566363629796,0.01501984048007645,0.2808
grid,IS,spread_2r,close,120,2.5,0.0,10,4.0,1.0,-0.00046373123283027784,-0.00017215704699047318,0.03457260847602005,0.012428247936846949,-0.025497115895643185,0.4206581053010105,69,0.42028985507246375,2.4347826086956523,0.04329460572970748,8.604299183469811,0.014603911949127815,0.2772
grid,IS,spread_2r,close,120,2.5,0.5,5,4.0,1.0,0.012081482245742903,0.004467590110458719,0.03342701768505902,0.14601083182037972,-0.024062958733730544,0.5805200623394825,72,0.4444444444444444,1.5138888888888888,0.028090272959423745,8.98961270308321,0.015126550039464764,0.2769
grid,IS,spread_2r,close,120,2.5,0.5,10,4.0,1.0,0.006039448482809906,0.0022375341268519033,0.033589537807937005,0.08129076056376658,-0.024001119088836287,0.5144124820226952,72,0.4305555555555556,1.5416666666666667,0.028605870071122894,8.9902266865714,0.015128544536634335,0.2668
