pair,cum_return,ann_return,ann_vol,sharpe,max_drawdown,sharpe_gross,n_trades,hit_rate,avg_days_held,pct_days_in_market,turnover,cost_drag,period,signal
Alibaba,-0.011819961641027277,-0.004403850357568517,0.101495363458885,0.008236193949103663,-0.11211332732899082,0.17489003898139,17.0,0.47058823529411764,1.2352941176470589,0.03245749613601236,12.815083643107718,0.017479137145748763,IS,spread
JD,-0.03808107009303685,-0.014308104669306099,0.06814911970198131,-0.17103738024716456,-0.0977940907818452,0.030842544320773352,14.0,0.42857142857142855,1.3571428571428572,0.02936630602782071,10.397543580116402,0.014186048802323107,IS,spread
NetEase,0.05171116993536451,0.018891021988225898,0.04940670311857555,0.39184222447508776,-0.030019480872338633,0.6231081983648142,9.0,0.6666666666666666,1.5555555555555556,0.021638330757341576,6.677605655278742,0.0124730152760655,IS,spread
YumChina,0.023639615696664507,0.008710372372149333,0.061285859135908206,0.16794003764301432,-0.058416399632140514,0.4453347882906028,13.0,0.5384615384615384,1.9230769230769231,0.03863987635239567,9.585520339742606,0.017915405902029825,IS,spread
Baidu,-0.0006779771457305905,-0.00025171133832091463,0.12101489762743901,0.058361024351902414,-0.14659197112020095,0.20600509746645038,13.0,0.38461538461538464,2.3076923076923075,0.04643962848297214,9.81838325522685,0.018384047063043692,IS,spread
TripCom,-0.030140962017738637,-0.011295787297349258,0.05813377178217303,-0.16048311653238437,-0.07354535047324329,0.042605856679842305,9.0,0.3333333333333333,1.5555555555555556,0.021671826625386997,6.534710731146705,0.012185359720316761,IS,spread
PORTFOLIO,0.004245798235600784,0.0015738947434489337,0.049550357056437226,0.055717509898606105,-0.05516601264562959,0.35732287221273934,75.0,0.4666666666666667,1.64,0.03170224406365491,9.304807867436503,0.015437168984921274,IS,spread
Alibaba,0.03199185327198295,0.011757612942155271,0.09162776149791321,0.16913870467488248,-0.11240931551414846,0.27732503637597666,10.0,0.6,1.4,0.021638330757341576,7.600581025618384,0.010377596939790429,IS,spread_2r
JD,0.005908661997389819,0.0021891691036945993,0.08453912542574356,0.06717786940451305,-0.10233579003696025,0.25595178830873033,16.0,0.375,1.625,0.0401854714064915,12.096004486739426,0.016525689767568214,IS,spread_2r
NetEase,-0.020783661279284993,-0.007765655166008467,0.05635848219906093,-0.10617852802563882,-0.052051772811340324,0.18328110858666372,12.0,0.4166666666666667,1.4166666666666667,0.02627511591962906,9.015852944694819,0.016810098732856642,IS,spread_2r
YumChina,0.001519036329729495,0.0005635805442889552,0.04000908693513437,0.033562933955745444,-0.049961189792603555,0.43596352620934953,12.0,0.4166666666666667,1.9166666666666667,0.03554868624420402,8.892487719373435,0.01662751259594437,IS,spread_2r
Baidu,0.017147236252119002,0.006330867629315673,0.05586472387401602,0.13736908216436353,-0.049646348163754905,0.42006076170410517,12.0,0.5,1.6666666666666667,0.030959752321981424,8.947338224873048,0.016704506590243744,IS,spread_2r
TripCom,-0.02601723811618928,-0.009737445022839686,0.05773004950635901,-0.1355739747103129,-0.08590433965730881,0.09426057760048298,10.0,0.3,1.1,0.017027863777089782,7.389095718129292,0.013725862593402614,IS,spread_2r
PORTFOLIO,0.006039448482809906,0.0022375341268519033,0.033589537807937005,0.08129076056376658,-0.024001119088836287,0.5144124820226952,72.0,0.4305555555555556,1.5416666666666667,0.028605870071122894,8.9902266865714,0.015128544536634335,IS,spread_2r
Alibaba,0.014288405811007099,0.0051849596543072085,0.060383569756636384,0.11359114975613914,-0.06488348911726927,0.29124865675079725,11.0,0.5454545454545454,1.9090909090909092,0.03201219512195122,7.993449772135108,0.010956426686387,OOS,spread
JD,0.044864495288328365,0.016126456936133682,0.0453319813346494,0.3674519600674823,-0.032524274125650066,0.5807891581434027,10.0,0.6,1.6,0.024390243902439025,7.331141562208827,0.010010720343079834,OOS,spread
NetEase,-0.020751292450645997,-0.007614728194071274,0.02290075947992361,-0.3144683875493108,-0.045348646294535055,0.26558276551998644,10.0,0.3,1.6,0.024390243902439025,7.294187083460909,0.013595060758076857,OOS,spread
YumChina,0.005409103249477409,0.001968352669262652,0.03955120740555443,0.06823016088608329,-0.032545048450363545,0.46880335613325663,12.0,0.5,1.6666666666666667,0.03048780487804878,8.743859903569685,0.0163311549472686,OOS,spread
Baidu,0.030929427659222908,0.011165456184575984,0.03369867859801916,0.33894468882320555,-0.022188601259040763,0.8018862998491411,12.0,0.5833333333333334,1.4166666666666667,0.025914634146341462,8.69069263277874,0.016199389558333013,OOS,spread
TripCom,-0.017626296549617337,-0.006461488888398814,0.02272110057928235,-0.2675935065797893,-0.0507786954474867,0.02283211183958174,5.0,0.4,1.4,0.010670731707317074,3.6217435133956983,0.006748702523671867,OOS,spread
PORTFOLIO,0.010974551638893937,0.003986587160623056,0.018377982210584065,0.22055803616452785,-0.015402050230888364,0.8751203618536169,60.0,0.5,1.6166666666666667,0.024644308943089433,7.279179077924827,0.012306909136136194,OOS,spread
Alibaba,0.010944467900623644,0.003975696703781617,0.03369816939263561,0.13177574656070196,-0.03876965760739792,0.36410648000476326,8.0,0.25,2.0,0.024390243902439025,5.8020808641794055,0.007921065324147762,OOS,spread_2r
JD,0.1223980395571338,0.04298868232017328,0.06418783648593002,0.6728206561869647,-0.02715140771246294,0.8749298807002819,13.0,0.6153846153846154,2.076923076923077,0.041158536585365856,9.465932675482103,0.012975767721722629,OOS,spread_2r
NetEase,-0.017976309792152145,-0.006590540706908232,0.0346155716025602,-0.16924181039403732,-0.042157674229201136,0.44503045818532955,16.0,0.375,1.4375,0.0350609756097561,11.701685366489146,0.02182960854387678,OOS,spread_2r
YumChina,-0.008108307355632283,-0.0029632965297541336,0.055447570119643755,-0.024824816112369804,-0.06055644230212853,0.31342267232406495,14.0,0.6428571428571429,2.2857142857142856,0.04878048780487805,10.169490584455644,0.0190104707470973,OOS,spread_2r
Baidu,0.05298821617024885,0.01899919225034652,0.05171210551212917,0.3816064166628607,-0.031090050248005263,0.7882238248158204,16.0,0.625,1.875,0.04573170731707317,11.655922370345015,0.02180346584699454,OOS,spread_2r
TripCom,0.04502439814609338,0.01618313896658985,0.049393453217777036,0.3422414724340866,-0.027671766037573486,0.6999000447221533,13.0,0.5384615384615384,2.923076923076923,0.057926829268292686,9.505303583288008,0.017857532061545785,OOS,spread_2r
PORTFOLIO,0.0357325133346722,0.012880180764517357,0.02548191267386256,0.5031018360131982,-0.019218620522442054,1.1573380870014278,80.0,0.525,2.075,0.04217479674796748,9.71673590737322,0.01689965170756413,OOS,spread_2r
