pair,measure,ar1_alpha,ar1_beta,ar1_beta_se,ar1_beta_t,ar1_half_life_days,ar1_n,adf_stat,adf_p,adf_lags,adf_crit_5pct,acf_lag1,arma_phi,arma_theta,persistent_half_life_days,persistent_share
Alibaba,spread,-0.0015303388554743311,-0.9772698256190608,0.03939334923106032,-24.807990300264105,0.18317543057757948,646,-24.8079903002641,0.0,0,-2.8660244429195725,0.022731322098321075,0.013095352559854846,0.009681580820724761,0.15987718136235504,
JD,spread,-0.0011847436056876472,-0.9455278894270431,0.03934494178403024,-24.03175215297496,0.23818946908504288,646,-24.03175215297496,0.0,0,-2.8660244429195725,0.05447497187085065,0.8156516995521423,-0.7643086630229116,3.401651277238465,0.06678705126313321
NetEase,spread,-0.0017469815353663158,-0.9259816818917912,0.0393855433189674,-23.510699710110494,0.2662425362284568,646,-23.510699710110494,0.0,0,-2.8660244429195725,0.07385362169387137,-0.30231824969778964,0.3787263836967539,,
YumChina,spread,-0.0018994982770375556,-0.74978287206581,0.038162651895407754,-19.6470327617886,0.5003133096451412,646,-8.632839217845746,5.693972580919447e-14,4,-2.8660524488494903,0.25015178645110864,0.5242833726039052,-0.29414953239617353,1.0734436136840921,0.477130879067755
Baidu,spread,-0.0024043892714247323,-0.949046243775147,0.039386906472903827,-24.095475597405503,0.2328468866547481,645,-7.6857877813178845,1.4629136100995552e-11,7,-2.8660808067889976,0.050951197330408454,-0.27411074346618386,0.3258799909989387,,
TripCom,spread,-0.004494878429846653,-0.9064625607584266,0.039230545674110294,-23.106040081329667,0.2925420280092439,645,-9.759680771874216,7.622039699401135e-17,5,-2.866066583404541,0.09361473998722841,-0.21752881504976174,0.31277484249592086,,
Alibaba,spread_2r,-0.0014854149635710587,-0.9263608304612009,0.03930534447634516,-23.568317306535903,0.2657183827427689,646,-5.613234001224485,1.1902988716506603e-06,9,-2.8660879520543534,0.07362647615745671,0.2638733839725492,-0.19101495295062193,0.5202690969675952,0.27902198792855926
JD,spread_2r,-0.0008443576618967024,-0.8492701318481717,0.038972803783819523,-21.791353184621688,0.36630536177198997,646,-12.031182743743534,2.8716651700031472e-22,2,-2.866038402294262,0.1506637526351933,0.6668720021401559,-0.529628097997937,1.7108106733124233,0.2259260430062686
NetEase,spread_2r,-0.0014387564089196234,-0.8666475134335669,0.03906494266250304,-22.184789081117202,0.3440347204170104,646,-22.184789081117206,0.0,0,-2.8660244429195725,0.1333143773263815,0.40256112599714633,-0.2740955240002306,0.7617769388029214,0.3311655515573218
YumChina,spread_2r,-0.0019611147560049625,-0.6615541512755004,0.03708995562551312,-17.836477291993205,0.6397940073876989,646,-9.496455204441888,3.538275308026479e-16,3,-2.8660454146233434,0.338365711378069,0.5526679691780182,-0.24235993369876463,1.1688864489557753,0.6122404956475396
Baidu,spread_2r,-0.002155876262872857,-0.8892121122596143,0.03919279588012841,-22.6881520517005,0.3150471629697842,645,-6.543507710515859,9.22071307735117e-09,7,-2.8660808067889976,0.11078953069962087,0.6159114130279897,-0.5138149827457454,1.430195245919675,0.17987900265551032
TripCom,spread_2r,-0.004594250774982085,-0.8434899411189454,0.03888695764024782,-21.69081852384197,0.3737377875733467,645,-8.334543960436443,3.2993452975751205e-13,4,-2.866059505075432,0.15675816130220346,0.01523374212218774,0.14215696180021692,0.1656565534466462,
