period,signal,cost_mult,sharpe,ann_return,ann_vol,max_dd,cost_drag,breakeven_mult
IS,spread,0.0,0.35774286373857933,0.017152378455576267,0.049557977556009505,-0.05280054284526592,0.0,
IS,spread,0.5,0.2068902622371615,0.009338531762299818,0.04953998323435462,-0.05398311890845109,0.007714031149990953,
IS,spread,1.0,0.055717509898606105,0.0015738947434489337,0.049550357056437226,-0.05516601264562959,0.015437168984921274,
IS,spread,2.0,-0.24655102141468632,-0.013808735262509031,0.04965648649968039,-0.05753275712337991,0.030910877740671902,
IS,spread,BREAK-EVEN,0.0,,,,,1.184326171875
IS,spread,0 (US-open UB),0.6100381252404037,0.030087434172855643,0.04910475009147013,-0.06262435163143476,0.0,
IS,spread,1 (US-open UB),0.30608729378364213,0.014346171743742975,0.049067100369407375,-0.06707396816560018,0.015394994845747266,
IS,spread_2r,0.0,0.5147642715105317,0.017494620924976667,0.03378226790285332,-0.02174950189092173,0.0,
IS,spread_2r,0.5,0.29892473109255485,0.009842402314239385,0.03366889321359986,-0.022020896952918423,0.0075598826869898925,
IS,spread_2r,1.0,0.08129076056376658,0.0022375341268519033,0.033589537807937005,-0.024001119088836287,0.015128544536634335,
IS,spread_2r,2.0,-0.3567398091709135,-0.012831088118043121,0.033534228304432305,-0.04257257083992605,0.03029231243949005,
IS,spread_2r,BREAK-EVEN,0.0,,,,,1.185791015625
IS,spread_2r,0 (US-open UB),0.9580202248137057,0.035103752601730154,0.03558891653882504,-0.03427834170635913,0.0,
IS,spread_2r,1 (US-open UB),0.5499337884973903,0.019619197525546417,0.03540302627618358,-0.03745710947826897,0.015105292735944503,
OOS,spread,0.0,0.8749574340239196,0.016390079638477273,0.018334877470758734,-0.011859660838508868,0.0,
OOS,spread,0.5,0.5482399132531678,0.01017341454356635,0.018333795797386684,-0.012771947626900038,0.006149864291780962,
OOS,spread,1.0,0.22055803616452785,0.003986587160623056,0.018377982210584065,-0.015402050230888364,0.012306909136136194,
OOS,spread,2.0,-0.4281149072913743,-0.008297983861957126,0.018601197493200803,-0.03299296123384354,0.02464262576502422,
OOS,spread,BREAK-EVEN,0.0,,,,,1.337646484375
OOS,spread,0 (US-open UB),1.4155335650363028,0.027326847239569352,0.01872157015393563,-0.013489642073468588,0.0,
OOS,spread,1 (US-open UB),0.7753650031453196,0.014796926993148274,0.018723698570931122,-0.017062536005007956,0.012300844635912259,
OOS,spread_2r,0.0,1.1575214035176407,0.030102089900033713,0.02529468857316117,-0.013800295948987795,0.0,
OOS,spread_2r,0.5,0.8300470763496036,0.02146094803468146,0.025365663854105082,-0.015008911927324564,0.008444558812710968,
OOS,spread_2r,1.0,0.5031018360131982,0.012880180764517357,0.02548191267386256,-0.019218620522442054,0.01689965170756413,
OOS,spread_2r,2.0,-0.14238031653385905,-0.004101599842093573,0.025848233190945778,-0.028804037792483417,0.033841574622801324,
OOS,spread_2r,BREAK-EVEN,0.0,,,,,1.777099609375
OOS,spread_2r,0 (US-open UB),1.1701506622646696,0.031114247907134462,0.02585343909977769,-0.02943291639974499,0.0,
OOS,spread_2r,1 (US-open UB),0.5307825126210892,0.013872787421544519,0.02597896638215829,-0.03893794895260283,0.01690086757174154,
