pair,measure,n,mean,std,p01,p05,p25,median,p75,p95,p99,share_abs_gt_0.5pct,share_abs_gt_1pct
Alibaba,spread,647,-0.001573405408883186,0.013443933712137915,-0.03633241592756571,-0.020561885871269146,-0.007359127922089925,-0.001745354755676054,0.004244743568209142,0.014711872730697155,0.04560742973683356,0.5811437403400309,0.2874806800618238
JD,spread,647,-0.001263146288136863,0.014176279139763527,-0.03716335665547291,-0.018963364364897515,-0.007847231083515371,-0.0016664114177635803,0.005121751029366628,0.016686803432098284,0.05080902929915706,0.6321483771251932,0.30139103554868624
NetEase,spread,647,-0.0018893658427989097,0.013683206601231224,-0.037693390568291886,-0.0197238956057026,-0.0074422283179709225,-0.00239944685604776,0.0035336996855002134,0.01568061481622686,0.038949024042118176,0.5811437403400309,0.29675425038639874
YumChina,spread,647,-0.0025268591451909216,0.01235636483629881,-0.03966405060679456,-0.021719964981759033,-0.008965406409346066,-0.0013790175091701329,0.005131526793380914,0.014794535916255677,0.02355507306951374,0.633693972179289,0.3384853168469861
Baidu,spread,646,-0.0025349189352570248,0.012086413065564603,-0.03137579971221753,-0.0211532618837047,-0.008762515624780587,-0.002636909619906813,0.0034591877000866855,0.014925449283195613,0.03824316823834512,0.6130030959752322,0.3219814241486068
TripCom,spread,646,-0.0049284220724611924,0.01417106860335046,-0.04543603077152196,-0.028552628237393574,-0.011949152145025566,-0.003926540615880381,0.00316516374212783,0.015165951740062411,0.03202344164811338,0.6687306501547987,0.3993808049535604
Alibaba,spread_2r,647,-0.0016064741084710784,0.00908616701124954,-0.027592298043707393,-0.015711735770977685,-0.00601799056647323,-0.0014721715187908657,0.003002877389724379,0.011089444285497184,0.026634496009058626,0.4760432766615147,0.1839258114374034
JD,spread_2r,647,-0.0009966988877259746,0.010041026263270714,-0.02666622001189128,-0.015417009269848146,-0.006195703551432841,-0.001095796016729711,0.0038256732575234764,0.013424794904204073,0.028431923470326085,0.49304482225656876,0.20556414219474498
NetEase,spread_2r,647,-0.0016650643874333868,0.009694734299165121,-0.0247495372260207,-0.01557154268625389,-0.007006160165765163,-0.0018281999443141572,0.003647068693408251,0.013713621135972671,0.025198758707434644,0.5224111282843895,0.23183925811437403
YumChina,spread_2r,647,-0.0029549834743097885,0.01060873106019657,-0.03547709135647341,-0.02128825797432521,-0.008682998343808701,-0.0017156306245911246,0.0037862166137860864,0.01161064585367999,0.01868485345882627,0.5641421947449768,0.2936630602782071
Baidu,spread_2r,646,-0.0024214447846891717,0.008766320154362833,-0.024319825260688564,-0.01592663271806405,-0.007432311500269129,-0.002669741096923639,0.002682497882904755,0.011139227548159658,0.024464358914670335,0.5263157894736842,0.22136222910216719
TripCom,spread_2r,646,-0.005416390444971537,0.010937326176187232,-0.0344342822435692,-0.024398168929530284,-0.011585648922053993,-0.004473197164773346,0.0013344322330156588,0.01146962757785569,0.018558637755944563,0.6222910216718266,0.35758513931888547
